code,date,in_people,out_people,name,line,address,x,y
150,20151224,76303.0,68185.0,서울역,01호선,서울특별시 세종대로 지하 2 (남대문로 5가) (1호선 서울역),126.972091251236,37.5559802396321
150,20151225,56829.0,51742.0,서울역,01호선,서울특별시 세종대로 지하 2 (남대문로 5가) (1호선 서울역),126.972091251236,37.5559802396321
150,20161224,62180.0,53198.0,서울역,01호선,서울특별시 세종대로 지하 2 (남대문로 5가) (1호선 서울역),126.972091251236,37.5559802396321
150,20161225,46410.0,39065.0,서울역,01호선,서울특별시 세종대로 지하 2 (남대문로 5가) (1호선 서울역),126.972091251236,37.5559802396321
150,20171224,41731.0,39678.0,서울역,01호선,서울특별시 세종대로 지하 2 (남대문로 5가) (1호선 서울역),126.972091251236,37.5559802396321
150,20171225,46980.0,44500.0,서울역,01호선,서울특별시 세종대로 지하 2 (남대문로 5가) (1호선 서울역),126.972091251236,37.5559802396321
152,20151224,67264.0,60124.0,종각,01호선,서울특별시 종로구 종로 지하 55 (종로1가) (종각역),126.98315194892099,37.5702288920691
152,20151225,60027.0,41499.0,종각,01호선,서울특별시 종로구 종로 지하 55 (종로1가) (종각역),126.98315194892099,37.5702288920691
152,20161224,58874.0,48075.0,종각,01호선,서울특별시 종로구 종로 지하 55 (종로1가) (종각역),126.98315194892099,37.5702288920691
152,20161225,32013.0,24644.0,종각,01호선,서울특별시 종로구 종로 지하 55 (종로1가) (종각역),126.98315194892099,37.5702288920691
152,20171224,35578.0,30869.0,종각,01호선,서울특별시 종로구 종로 지하 55 (종로1가) (종각역),126.98315194892099,37.5702288920691
152,20171225,42551.0,32291.0,종각,01호선,서울특별시 종로구 종로 지하 55 (종로1가) (종각역),126.98315194892099,37.5702288920691
153,20151224,45689.0,44297.0,종로3가,01호선,서울특별시 종로구 돈화문로11길 지하26 (돈의동)  ,126.992153252476,37.570420844523
153,20151225,34914.0,33805.0,종로3가,01호선,서울특별시 종로구 돈화문로11길 지하26 (돈의동)  ,126.992153252476,37.570420844523
153,20161224,40674.0,38345.0,종로3가,01호선,서울특별시 종로구 돈화문로11길 지하26 (돈의동)  ,126.992153252476,37.570420844523
153,20161225,24020.0,21531.0,종로3가,01호선,서울특별시 종로구 돈화문로11길 지하26 (돈의동)  ,126.992153252476,37.570420844523
153,20171224,23818.0,23091.0,종로3가,01호선,서울특별시 종로구 돈화문로11길 지하26 (돈의동)  ,126.992153252476,37.570420844523
153,20171225,28019.0,26006.0,종로3가,01호선,서울특별시 종로구 돈화문로11길 지하26 (돈의동)  ,126.992153252476,37.570420844523
154,20151224,34175.0,34882.0,종로5가,01호선,서울특별시 종로구 종로 지하 216  (종로5가) (1호선 종로5가역),127.00153947718799,37.570976108369
154,20151225,25321.0,26457.0,종로5가,01호선,서울특별시 종로구 종로 지하 216  (종로5가) (1호선 종로5가역),127.00153947718799,37.570976108369
154,20161224,27831.0,27215.0,종로5가,01호선,서울특별시 종로구 종로 지하 216  (종로5가) (1호선 종로5가역),127.00153947718799,37.570976108369
154,20171225,20302.0,20598.0,종로5가,01호선,서울특별시 종로구 종로 지하 216  (종로5가) (1호선 종로5가역),127.00153947718799,37.570976108369
155,20151224,18456.0,21722.0,동대문,01호선,서울특별시 중구 마른내로 지하162 (광희동1가),127.010631546623,37.571667604016206
155,20151225,16992.0,25550.0,동대문,01호선,서울특별시 중구 마른내로 지하162 (광희동1가),127.010631546623,37.571667604016206
155,20161224,18198.0,21587.0,동대문,01호선,서울특별시 중구 마른내로 지하162 (광희동1가),127.010631546623,37.571667604016206
155,20161225,15233.0,19549.0,동대문,01호선,서울특별시 중구 마른내로 지하162 (광희동1가),127.010631546623,37.571667604016206
155,20171224,12748.0,16212.0,동대문,01호선,서울특별시 중구 마른내로 지하162 (광희동1가),127.010631546623,37.571667604016206
155,20171225,14125.0,18523.0,동대문,01호선,서울특별시 중구 마른내로 지하162 (광희동1가),127.010631546623,37.571667604016206
156,20151224,20086.0,19094.0,신설동,01호선,서울특별시 동대문구 왕산로 지하 1 (신설동) (1호선 신설동역),127.024456700382,37.5760299683175
157,20151224,22167.0,22157.0,제기동,01호선,서울특별시 동대문구 왕산로 지하 93 (제기동) (제기동역),127.034949495921,37.5781752985683
157,20161224,18769.0,18802.0,제기동,01호선,서울특별시 동대문구 왕산로 지하 93 (제기동) (제기동역),127.034949495921,37.5781752985683
157,20171225,15261.0,15815.0,제기동,01호선,서울특별시 동대문구 왕산로 지하 93 (제기동) (제기동역),127.034949495921,37.5781752985683
158,20151224,34592.0,36208.0,청량리,01호선,서울 동대문구 왕산로 214,127.048504385911,37.580732933880896
158,20151225,28435.0,30171.0,청량리,01호선,서울 동대문구 왕산로 214,127.048504385911,37.580732933880896
158,20161224,30744.0,32159.0,청량리,01호선,서울 동대문구 왕산로 214,127.048504385911,37.580732933880896
158,20161225,23023.0,23315.0,청량리,01호선,서울 동대문구 왕산로 214,127.048504385911,37.580732933880896
158,20171224,19286.0,20451.0,청량리,01호선,서울 동대문구 왕산로 214,127.048504385911,37.580732933880896
158,20171225,23529.0,24311.0,청량리,01호선,서울 동대문구 왕산로 214,127.048504385911,37.580732933880896
201,20151224,38607.0,36595.0,시청,02호선,서울특별시 세종대로 지하 101 (정동) (1호선 시청역),126.9746729,37.5657037
201,20151225,23305.0,20920.0,시청,02호선,서울특별시 세종대로 지하 101 (정동) (1호선 시청역),126.9746729,37.5657037
201,20161224,31044.0,26811.0,시청,02호선,서울특별시 세종대로 지하 101 (정동) (1호선 시청역),126.9746729,37.5657037
201,20171225,16912.0,14091.0,시청,02호선,서울특별시 세종대로 지하 101 (정동) (1호선 시청역),126.9746729,37.5657037
202,20151224,77474.0,72615.0,을지로입구,02호선,서울특별시 중구 을지로 지하 42 (을지입구역),126.982193047079,37.566037319363495
202,20151225,60691.0,49011.0,을지로입구,02호선,서울특별시 중구 을지로 지하 42 (을지입구역),126.982193047079,37.566037319363495
202,20161224,65313.0,55996.0,을지로입구,02호선,서울특별시 중구 을지로 지하 42 (을지입구역),126.982193047079,37.566037319363495
202,20161225,43535.0,39753.0,을지로입구,02호선,서울특별시 중구 을지로 지하 42 (을지입구역),126.982193047079,37.566037319363495
202,20171224,40573.0,37909.0,을지로입구,02호선,서울특별시 중구 을지로 지하 42 (을지입구역),126.982193047079,37.566037319363495
202,20171225,44183.0,39032.0,을지로입구,02호선,서울특별시 중구 을지로 지하 42 (을지입구역),126.982193047079,37.566037319363495
203,20151224,26655.0,25988.0,을지로3가,02호선,서울특별시 중구 을지로 지하 106 (2호선 을지로3가역),126.9909855674,37.5662905969967
203,20161224,15423.0,13093.0,을지로3가,02호선,서울특별시 중구 을지로 지하 106 (2호선 을지로3가역),126.9909855674,37.5662905969967
204,20151224,16898.0,16620.0,을지로4가,02호선,서울특별시 중구 창경궁로 지하51 (주교동),126.997632059113,37.5666405038268
205,20151224,22443.0,27021.0,동대문역사문화공원,02호선,서울특별시 중구 을지로 지하 279 (2호선 동대문역역사문화공원역),127.009005301929,37.5656635044556
205,20151225,20898.0,27461.0,동대문역사문화공원,02호선,서울특별시 중구 을지로 지하 279 (2호선 동대문역역사문화공원역),127.009005301929,37.5656635044556
205,20161224,20690.0,24149.0,동대문역사문화공원,02호선,서울특별시 중구 을지로 지하 279 (2호선 동대문역역사문화공원역),127.009005301929,37.5656635044556
205,20161225,16011.0,20572.0,동대문역사문화공원,02호선,서울특별시 중구 을지로 지하 279 (2호선 동대문역역사문화공원역),127.009005301929,37.5656635044556
205,20171224,15368.0,19626.0,동대문역사문화공원,02호선,서울특별시 중구 을지로 지하 279 (2호선 동대문역역사문화공원역),127.009005301929,37.5656635044556
205,20171225,16853.0,20545.0,동대문역사문화공원,02호선,서울특별시 중구 을지로 지하 279 (2호선 동대문역역사문화공원역),127.009005301929,37.5656635044556
206,20151224,17836.0,19059.0,신당,02호선,서울특별시 중구 다산로 지하260 (흥인동),127.019477739585,37.5656742141161
208,20151224,24138.0,21372.0,왕십리,02호선,서울특별시 성동구 왕십리로 지하300 (행당동),127.037101112459,37.5612683640285
208,20151225,15411.0,15017.0,왕십리,02호선,서울특별시 성동구 왕십리로 지하300 (행당동),127.037101112459,37.5612683640285
208,20161224,18792.0,17025.0,왕십리,02호선,서울특별시 성동구 왕십리로 지하300 (행당동),127.037101112459,37.5612683640285
210,20151224,18706.0,19433.0,뚝섬,02호선,서울특별시 성동구 아차산로18 (뚝섬역),127.047387635055,37.5472432239914
211,20151224,31697.0,34303.0,성수,02호선,서울특별시 성동구 아차산로 100 (성수역),127.05606699932699,37.5445888153751
211,20161224,15790.0,17539.0,성수,02호선,서울특별시 성동구 아차산로 100 (성수역),127.05606699932699,37.5445888153751
212,20151224,55144.0,64562.0,건대입구,02호선,서울특별시 광진구 능동로 지하110 (화양동),127.069203234354,37.5404068198011
212,20151225,47783.0,53240.0,건대입구,02호선,서울특별시 광진구 능동로 지하110 (화양동),127.069203234354,37.5404068198011
212,20161224,50170.0,58712.0,건대입구,02호선,서울특별시 광진구 능동로 지하110 (화양동),127.069203234354,37.5404068198011
212,20161225,44098.0,46303.0,건대입구,02호선,서울특별시 광진구 능동로 지하110 (화양동),127.069203234354,37.5404068198011
212,20171224,38908.0,44629.0,건대입구,02호선,서울특별시 광진구 능동로 지하110 (화양동),127.069203234354,37.5404068198011
212,20171225,43914.0,46509.0,건대입구,02호선,서울특별시 광진구 능동로 지하110 (화양동),127.069203234354,37.5404068198011
213,20151224,29686.0,28564.0,구의,02호선,서울특별시 광진구 아차산로 384-1 (구의역),127.086181083988,37.5371739190572
213,20151225,15560.0,14824.0,구의,02호선,서울특별시 광진구 아차산로 384-1 (구의역),127.086181083988,37.5371739190572
213,20161224,18872.0,17410.0,구의,02호선,서울특별시 광진구 아차산로 384-1 (구의역),127.086181083988,37.5371739190572
214,20151224,61109.0,61104.0,강변,02호선,서울특별시 광진구 강변역로 53 (강변역),127.09474110186301,37.535118038597496
214,20151225,47728.0,48563.0,강변,02호선,서울특별시 광진구 강변역로 53 (강변역),127.09474110186301,37.535118038597496
214,20161224,53370.0,52322.0,강변,02호선,서울특별시 광진구 강변역로 53 (강변역),127.09474110186301,37.535118038597496
214,20161225,43791.0,46751.0,강변,02호선,서울특별시 광진구 강변역로 53 (강변역),127.09474110186301,37.535118038597496
214,20171224,40609.0,40152.0,강변,02호선,서울특별시 광진구 강변역로 53 (강변역),127.09474110186301,37.535118038597496
214,20171225,43737.0,45411.0,강변,02호선,서울특별시 광진구 강변역로 53 (강변역),127.09474110186301,37.535118038597496
215,20151224,21943.0,20312.0,잠실나루,02호선,서울특별시 송파구 오금로 20 (잠실나루역),127.103809189146,37.5207114184262
216,20151224,105598.0,101157.0,잠실,02호선,서울특별시 송파구 올림픽로 305 (신천동),127.10022875908199,37.513312862698996
216,20151225,96914.0,89470.0,잠실,02호선,서울특별시 송파구 올림픽로 305 (신천동),127.10022875908199,37.513312862698996
216,20161224,106017.0,96445.0,잠실,02호선,서울특별시 송파구 올림픽로 305 (신천동),127.10022875908199,37.513312862698996
216,20161225,79916.0,72413.0,잠실,02호선,서울특별시 송파구 올림픽로 305 (신천동),127.10022875908199,37.513312862698996
216,20171224,93681.0,85356.0,잠실,02호선,서울특별시 송파구 올림픽로 305 (신천동),127.10022875908199,37.513312862698996
216,20171225,94832.0,87262.0,잠실,02호선,서울특별시 송파구 올림픽로 305 (신천동),127.10022875908199,37.513312862698996
219,20151224,70976.0,71863.0,삼성,02호선,서울특별시,127.06096029999999,37.508860999999996
219,20151225,43568.0,45442.0,삼성,02호선,서울특별시,127.06096029999999,37.508860999999996
219,20161224,54529.0,56178.0,삼성,02호선,서울특별시,127.06096029999999,37.508860999999996
219,20161225,44448.0,45754.0,삼성,02호선,서울특별시,127.06096029999999,37.508860999999996
219,20171224,57006.0,58494.0,삼성,02호선,서울특별시,127.06096029999999,37.508860999999996
219,20171225,55093.0,55702.0,삼성,02호선,서울특별시,127.06096029999999,37.508860999999996
220,20151224,71915.0,59353.0,선릉,02호선,서울 강남구 테헤란로 지하 340,127.04896169402201,37.504497373492
220,20151225,17033.0,14685.0,선릉,02호선,서울 강남구 테헤란로 지하 340,127.04896169402201,37.504497373492
220,20161224,26700.0,22577.0,선릉,02호선,서울 강남구 테헤란로 지하 340,127.04896169402201,37.504497373492
220,20171224,15718.0,13345.0,선릉,02호선,서울 강남구 테헤란로 지하 340,127.04896169402201,37.504497373492
220,20171225,16125.0,13676.0,선릉,02호선,서울 강남구 테헤란로 지하 340,127.04896169402201,37.504497373492
221,20151224,59180.0,62756.0,역삼,02호선,서울특별시 강남구 테헤란로 지하 156 (역삼역),127.03646946847,37.5006744185994
221,20151225,15739.0,16773.0,역삼,02호선,서울특별시 강남구 테헤란로 지하 156 (역삼역),127.03646946847,37.5006744185994
221,20161224,20910.0,22258.0,역삼,02호선,서울특별시 강남구 테헤란로 지하 156 (역삼역),127.03646946847,37.5006744185994
222,20151224,119979.0,123204.0,강남,02호선,서울특별시 강남구 강남대로 지하 396 (2호선 강남역),127.028000275071,37.4980854357918
222,20151225,59216.0,62847.0,강남,02호선,서울특별시 강남구 강남대로 지하 396 (2호선 강남역),127.028000275071,37.4980854357918
222,20161224,81488.0,87076.0,강남,02호선,서울특별시 강남구 강남대로 지하 396 (2호선 강남역),127.028000275071,37.4980854357918
222,20161225,53824.0,54283.0,강남,02호선,서울특별시 강남구 강남대로 지하 396 (2호선 강남역),127.028000275071,37.4980854357918
222,20171224,57230.0,61953.0,강남,02호선,서울특별시 강남구 강남대로 지하 396 (2호선 강남역),127.028000275071,37.4980854357918
222,20171225,60849.0,61701.0,강남,02호선,서울특별시 강남구 강남대로 지하 396 (2호선 강남역),127.028000275071,37.4980854357918
223,20151224,45400.0,49763.0,교대,02호선,서울특별시 서초구 서초대로 지하 294 (2호선 교대역),127.01203980000001,37.4934705
223,20151225,15024.0,16069.0,교대,02호선,서울특별시 서초구 서초대로 지하 294 (2호선 교대역),127.01203980000001,37.4934705
223,20161224,21971.0,24657.0,교대,02호선,서울특별시 서초구 서초대로 지하 294 (2호선 교대역),127.01203980000001,37.4934705
223,20171224,13514.0,15105.0,교대,02호선,서울특별시 서초구 서초대로 지하 294 (2호선 교대역),127.01203980000001,37.4934705
223,20171225,13862.0,15150.0,교대,02호선,서울특별시 서초구 서초대로 지하 294 (2호선 교대역),127.01203980000001,37.4934705
224,20151224,25707.0,25408.0,서초,02호선,서울특별시 서초구 서초대로 지하 233 (서초역),127.007662120039,37.4918499338918
224,20161225,16423.0,16323.0,서초,02호선,서울특별시 서초구 서초대로 지하 233 (서초역),127.007662120039,37.4918499338918
224,20171224,16462.0,15412.0,서초,02호선,서울특별시 서초구 서초대로 지하 233 (서초역),127.007662120039,37.4918499338918
225,20151224,23348.0,23333.0,방배,02호선,서울특별시 서초구 방배로 지하 80 (방배역),126.997553345516,37.4814561268152
226,20151224,49208.0,54296.0,사당,02호선,서울특별시 동작구 남부순환로 지하 2089(사당동) (2호선 사당역),126.981558584016,37.476560430328895
226,20151225,27931.0,32274.0,사당,02호선,서울특별시 동작구 남부순환로 지하 2089(사당동) (2호선 사당역),126.981558584016,37.476560430328895
226,20161224,35274.0,39952.0,사당,02호선,서울특별시 동작구 남부순환로 지하 2089(사당동) (2호선 사당역),126.981558584016,37.476560430328895
226,20161225,26247.0,31007.0,사당,02호선,서울특별시 동작구 남부순환로 지하 2089(사당동) (2호선 사당역),126.981558584016,37.476560430328895
226,20171224,25248.0,29140.0,사당,02호선,서울특별시 동작구 남부순환로 지하 2089(사당동) (2호선 사당역),126.981558584016,37.476560430328895
226,20171225,24457.0,29791.0,사당,02호선,서울특별시 동작구 남부순환로 지하 2089(사당동) (2호선 사당역),126.981558584016,37.476560430328895
227,20151224,36517.0,32958.0,낙성대,02호선,서울특별시 관악구 남부순환로 지하 1928(봉천동) (2호선 낙성대역),126.963523905001,37.477093240996496
227,20151225,21374.0,18807.0,낙성대,02호선,서울특별시 관악구 남부순환로 지하 1928(봉천동) (2호선 낙성대역),126.963523905001,37.477093240996496
227,20161224,26812.0,24034.0,낙성대,02호선,서울특별시 관악구 남부순환로 지하 1928(봉천동) (2호선 낙성대역),126.963523905001,37.477093240996496
227,20161225,18909.0,18818.0,낙성대,02호선,서울특별시 관악구 남부순환로 지하 1928(봉천동) (2호선 낙성대역),126.963523905001,37.477093240996496
227,20171224,19553.0,17594.0,낙성대,02호선,서울특별시 관악구 남부순환로 지하 1928(봉천동) (2호선 낙성대역),126.963523905001,37.477093240996496
227,20171225,18685.0,18713.0,낙성대,02호선,서울특별시 관악구 남부순환로 지하 1928(봉천동) (2호선 낙성대역),126.963523905001,37.477093240996496
228,20151224,61855.0,58696.0,서울대입구,02호선,서울특별시 관악구 남부순환로 지하 1822 (서울대입구역),126.952713197762,37.4812845080678
228,20151225,37084.0,35052.0,서울대입구,02호선,서울특별시 관악구 남부순환로 지하 1822 (서울대입구역),126.952713197762,37.4812845080678
228,20161224,46502.0,44300.0,서울대입구,02호선,서울특별시 관악구 남부순환로 지하 1822 (서울대입구역),126.952713197762,37.4812845080678
228,20161225,33861.0,34142.0,서울대입구,02호선,서울특별시 관악구 남부순환로 지하 1822 (서울대입구역),126.952713197762,37.4812845080678
228,20171224,33679.0,32313.0,서울대입구,02호선,서울특별시 관악구 남부순환로 지하 1822 (서울대입구역),126.952713197762,37.4812845080678
228,20171225,34414.0,34531.0,서울대입구,02호선,서울특별시 관악구 남부순환로 지하 1822 (서울대입구역),126.952713197762,37.4812845080678
229,20151224,28057.0,25794.0,봉천,02호선,서울특별시 봉천동,126.93938529999998,37.482476
229,20151225,16169.0,14711.0,봉천,02호선,서울특별시 봉천동,126.93938529999998,37.482476
229,20161224,19064.0,17352.0,봉천,02호선,서울특별시 봉천동,126.93938529999998,37.482476
230,20151224,88380.0,87419.0,신림,02호선,서울특별시 신림동,126.92705890000002,37.4841985
230,20151225,59724.0,58054.0,신림,02호선,서울특별시 신림동,126.92705890000002,37.4841985
230,20161224,68718.0,67886.0,신림,02호선,서울특별시 신림동,126.92705890000002,37.4841985
230,20161225,53121.0,52310.0,신림,02호선,서울특별시 신림동,126.92705890000002,37.4841985
230,20171224,52159.0,51216.0,신림,02호선,서울특별시 신림동,126.92705890000002,37.4841985
230,20171225,51529.0,50471.0,신림,02호선,서울특별시 신림동,126.92705890000002,37.4841985
231,20151224,32501.0,29885.0,신대방,02호선,서울특별시 동작구 대림로 2(신대방동 신대방역),126.913507850555,37.4876526951195
231,20151225,19846.0,18510.0,신대방,02호선,서울특별시 동작구 대림로 2(신대방동 신대방역),126.913507850555,37.4876526951195
231,20161224,24291.0,22475.0,신대방,02호선,서울특별시 동작구 대림로 2(신대방동 신대방역),126.913507850555,37.4876526951195
231,20161225,19147.0,18238.0,신대방,02호선,서울특별시 동작구 대림로 2(신대방동 신대방역),126.913507850555,37.4876526951195
231,20171224,19269.0,17509.0,신대방,02호선,서울특별시 동작구 대림로 2(신대방동 신대방역),126.913507850555,37.4876526951195
231,20171225,19029.0,18006.0,신대방,02호선,서울특별시 동작구 대림로 2(신대방동 신대방역),126.913507850555,37.4876526951195
232,20151224,78115.0,77249.0,구로디지털단지,02호선,서울 구로구 도림천로 477,126.901471340443,37.48526087096221
232,20151225,38236.0,37349.0,구로디지털단지,02호선,서울 구로구 도림천로 477,126.901471340443,37.48526087096221
232,20161224,45381.0,45443.0,구로디지털단지,02호선,서울 구로구 도림천로 477,126.901471340443,37.48526087096221
232,20161225,35409.0,34195.0,구로디지털단지,02호선,서울 구로구 도림천로 477,126.901471340443,37.48526087096221
232,20171224,35016.0,34060.0,구로디지털단지,02호선,서울 구로구 도림천로 477,126.901471340443,37.48526087096221
232,20171225,34339.0,34068.0,구로디지털단지,02호선,서울 구로구 도림천로 477,126.901471340443,37.48526087096221
233,20151224,35943.0,37374.0,대림,02호선,서울 구로구 도림천로 351,126.894929187141,37.4933100912585
233,20151225,22008.0,23348.0,대림,02호선,서울 구로구 도림천로 351,126.894929187141,37.4933100912585
233,20161224,25538.0,28007.0,대림,02호선,서울 구로구 도림천로 351,126.894929187141,37.4933100912585
233,20161225,24355.0,24859.0,대림,02호선,서울 구로구 도림천로 351,126.894929187141,37.4933100912585
233,20171224,22191.0,22764.0,대림,02호선,서울 구로구 도림천로 351,126.894929187141,37.4933100912585
233,20171225,20039.0,20421.0,대림,02호선,서울 구로구 도림천로 351,126.894929187141,37.4933100912585
234,20151224,75297.0,75903.0,신도림,02호선,서울특별시 구로구 새말로 117-21 (2호선 신도림역),126.891312500851,37.508908482648
234,20151225,50874.0,51836.0,신도림,02호선,서울특별시 구로구 새말로 117-21 (2호선 신도림역),126.891312500851,37.508908482648
234,20161224,58604.0,59986.0,신도림,02호선,서울특별시 구로구 새말로 117-21 (2호선 신도림역),126.891312500851,37.508908482648
234,20161225,42365.0,43029.0,신도림,02호선,서울특별시 구로구 새말로 117-21 (2호선 신도림역),126.891312500851,37.508908482648
234,20171224,40476.0,41121.0,신도림,02호선,서울특별시 구로구 새말로 117-21 (2호선 신도림역),126.891312500851,37.508908482648
234,20171225,42510.0,42724.0,신도림,02호선,서울특별시 구로구 새말로 117-21 (2호선 신도림역),126.891312500851,37.508908482648
235,20151224,23700.0,23794.0,문래,02호선,서울특별시 영등포구 당산로 지하 28(문래동3가) (문래역),126.894778820701,37.517975718180104
236,20151224,26670.0,26616.0,영등포구청,02호선,서울특별시 영등포구 양산로 지하116 (당산동3가),126.89667739938999,37.5258305311402
237,20151224,25989.0,28423.0,당산,02호선,서울특별시 영등포구 당산로 229(당산동 6가) (2호선 당산역),126.902611795523,37.5347843171332
237,20161224,15993.0,17328.0,당산,02호선,서울특별시 영등포구 당산로 229(당산동 6가) (2호선 당산역),126.902611795523,37.5347843171332
238,20151224,40977.0,44976.0,합정,02호선,서울특별시 마포구 양화로 지하45 (합정동),126.91445770538601,37.5499122011964
238,20151225,30079.0,30956.0,합정,02호선,서울특별시 마포구 양화로 지하45 (합정동),126.91445770538601,37.5499122011964
238,20161224,33561.0,35848.0,합정,02호선,서울특별시 마포구 양화로 지하45 (합정동),126.91445770538601,37.5499122011964
238,20161225,25439.0,24306.0,합정,02호선,서울특별시 마포구 양화로 지하45 (합정동),126.91445770538601,37.5499122011964
238,20171224,26866.0,29674.0,합정,02호선,서울특별시 마포구 양화로 지하45 (합정동),126.91445770538601,37.5499122011964
238,20171225,26304.0,27604.0,합정,02호선,서울특별시 마포구 양화로 지하45 (합정동),126.91445770538601,37.5499122011964
239,20151224,96444.0,116497.0,홍대입구,02호선,서울특별시 마포구 양화로지하160 (2호선 홍대입구역),126.923778562273,37.55687074488729
239,20151225,104563.0,117592.0,홍대입구,02호선,서울특별시 마포구 양화로지하160 (2호선 홍대입구역),126.923778562273,37.55687074488729
239,20161224,111221.0,134581.0,홍대입구,02호선,서울특별시 마포구 양화로지하160 (2호선 홍대입구역),126.923778562273,37.55687074488729
239,20161225,102753.0,104066.0,홍대입구,02호선,서울특별시 마포구 양화로지하160 (2호선 홍대입구역),126.923778562273,37.55687074488729
239,20171224,89847.0,103308.0,홍대입구,02호선,서울특별시 마포구 양화로지하160 (2호선 홍대입구역),126.923778562273,37.55687074488729
239,20171225,104449.0,107037.0,홍대입구,02호선,서울특별시 마포구 양화로지하160 (2호선 홍대입구역),126.923778562273,37.55687074488729
240,20151224,66218.0,69870.0,신촌,02호선,서울특별시 마포구 신촌로 지하 90 (신촌역),126.936981845317,37.5551992564661
240,20151225,64036.0,64787.0,신촌,02호선,서울특별시 마포구 신촌로 지하 90 (신촌역),126.936981845317,37.5551992564661
240,20161224,64595.0,66565.0,신촌,02호선,서울특별시 마포구 신촌로 지하 90 (신촌역),126.936981845317,37.5551992564661
240,20161225,49559.0,48158.0,신촌,02호선,서울특별시 마포구 신촌로 지하 90 (신촌역),126.936981845317,37.5551992564661
240,20171224,50213.0,50884.0,신촌,02호선,서울특별시 마포구 신촌로 지하 90 (신촌역),126.936981845317,37.5551992564661
240,20171225,55137.0,54089.0,신촌,02호선,서울특별시 마포구 신촌로 지하 90 (신촌역),126.936981845317,37.5551992564661
241,20151224,27083.0,28079.0,이대,02호선,서울특별시 마포구 신촌로 지하180 (이대역),126.946431808973,37.556814719896
241,20151225,19048.0,19762.0,이대,02호선,서울특별시 마포구 신촌로 지하180 (이대역),126.946431808973,37.556814719896
241,20161224,20087.0,21217.0,이대,02호선,서울특별시 마포구 신촌로 지하180 (이대역),126.946431808973,37.556814719896
241,20161225,14447.0,15356.0,이대,02호선,서울특별시 마포구 신촌로 지하180 (이대역),126.946431808973,37.556814719896
241,20171224,14315.0,15072.0,이대,02호선,서울특별시 마포구 신촌로 지하180 (이대역),126.946431808973,37.556814719896
241,20171225,14980.0,15589.0,이대,02호선,서울특별시 마포구 신촌로 지하180 (이대역),126.946431808973,37.556814719896
243,20151224,14505.0,15156.0,충정로,02호선,서울특별시 서대문구 충정로 지하28-1 (충정로3가),126.964493206988,37.559762387571205
310,20151224,19828.0,16006.0,구파발,03호선,서울특별시 은평구 진관2로 지하 15-25 (구파발역),126.91885282000901,37.6364357889145
310,20161224,21135.0,19681.0,구파발,03호선,서울특별시 은평구 진관2로 지하 15-25 (구파발역),126.91885282000901,37.6364357889145
310,20161225,15894.0,14922.0,구파발,03호선,서울특별시 은평구 진관2로 지하 15-25 (구파발역),126.91885282000901,37.6364357889145
311,20151224,49575.0,47223.0,연신내,03호선,서울특별시 은평구 통일로 지하849 (갈현동),126.921100623409,37.6192027064253
311,20151225,32418.0,31005.0,연신내,03호선,서울특별시 은평구 통일로 지하849 (갈현동),126.921100623409,37.6192027064253
311,20161224,39483.0,38642.0,연신내,03호선,서울특별시 은평구 통일로 지하849 (갈현동),126.921100623409,37.6192027064253
311,20161225,29639.0,28801.0,연신내,03호선,서울특별시 은평구 통일로 지하849 (갈현동),126.921100623409,37.6192027064253
311,20171224,28347.0,27174.0,연신내,03호선,서울특별시 은평구 통일로 지하849 (갈현동),126.921100623409,37.6192027064253
311,20171225,30424.0,29864.0,연신내,03호선,서울특별시 은평구 통일로 지하849 (갈현동),126.921100623409,37.6192027064253
312,20151224,23413.0,25621.0,불광,03호선,서울특별시 은평구 통일로 지하723-1 (대조동),126.930315855716,37.6100474511107
312,20151225,14524.0,16488.0,불광,03호선,서울특별시 은평구 통일로 지하723-1 (대조동),126.930315855716,37.6100474511107
312,20161224,19050.0,21528.0,불광,03호선,서울특별시 은평구 통일로 지하723-1 (대조동),126.930315855716,37.6100474511107
312,20161225,13523.0,16017.0,불광,03호선,서울특별시 은평구 통일로 지하723-1 (대조동),126.930315855716,37.6100474511107
313,20151224,17339.0,14876.0,녹번,03호선,서울 은평구 통일로62길 17,126.93582800821699,37.6008067681825
314,20151224,23516.0,21908.0,홍제,03호선,서울특별시 서대문구 통일로 지하 440-1 (홍제역),126.944158007985,37.58879538060879
314,20161224,19088.0,18920.0,홍제,03호선,서울특별시 서대문구 통일로 지하 440-1 (홍제역),126.944158007985,37.58879538060879
317,20151224,28681.0,30636.0,경복궁,03호선,서울특별시 종로구 사직로 지하 130 (경복궁역),126.97369135276699,37.5758061234865
317,20151225,18473.0,22345.0,경복궁,03호선,서울특별시 종로구 사직로 지하 130 (경복궁역),126.97369135276699,37.5758061234865
317,20161224,35610.0,32983.0,경복궁,03호선,서울특별시 종로구 사직로 지하 130 (경복궁역),126.97369135276699,37.5758061234865
317,20161225,15062.0,16658.0,경복궁,03호선,서울특별시 종로구 사직로 지하 130 (경복궁역),126.97369135276699,37.5758061234865
317,20171224,15808.0,17687.0,경복궁,03호선,서울특별시 종로구 사직로 지하 130 (경복궁역),126.97369135276699,37.5758061234865
317,20171225,16274.0,18462.0,경복궁,03호선,서울특별시 종로구 사직로 지하 130 (경복궁역),126.97369135276699,37.5758061234865
323,20151224,17541.0,16727.0,약수,03호선,서울특별시 중구 다산로 지하115 (신당동),127.010891666957,37.5545053994984
326,20151224,45213.0,49693.0,압구정,03호선,서울특별시 강남구 압구정로 지하 172 (압구정역),127.0285086593,37.52649217517121
326,20151225,21586.0,23911.0,압구정,03호선,서울특별시 강남구 압구정로 지하 172 (압구정역),127.0285086593,37.52649217517121
326,20161224,32757.0,35320.0,압구정,03호선,서울특별시 강남구 압구정로 지하 172 (압구정역),127.0285086593,37.52649217517121
326,20161225,18228.0,19301.0,압구정,03호선,서울특별시 강남구 압구정로 지하 172 (압구정역),127.0285086593,37.52649217517121
326,20171224,18434.0,19976.0,압구정,03호선,서울특별시 강남구 압구정로 지하 172 (압구정역),127.0285086593,37.52649217517121
326,20171225,17742.0,19234.0,압구정,03호선,서울특별시 강남구 압구정로 지하 172 (압구정역),127.0285086593,37.52649217517121
327,20151224,39812.0,44323.0,신사,03호선,서울특별시 강남구 도산대로 지하 102 (신사역),127.02031202309601,37.5164366431169
327,20151225,23451.0,25604.0,신사,03호선,서울특별시 강남구 도산대로 지하 102 (신사역),127.02031202309601,37.5164366431169
327,20161224,30889.0,33913.0,신사,03호선,서울특별시 강남구 도산대로 지하 102 (신사역),127.02031202309601,37.5164366431169
327,20161225,20056.0,20655.0,신사,03호선,서울특별시 강남구 도산대로 지하 102 (신사역),127.02031202309601,37.5164366431169
327,20171224,18999.0,21058.0,신사,03호선,서울특별시 강남구 도산대로 지하 102 (신사역),127.02031202309601,37.5164366431169
327,20171225,20266.0,20724.0,신사,03호선,서울특별시 강남구 도산대로 지하 102 (신사역),127.02031202309601,37.5164366431169
329,20151224,71297.0,80669.0,고속터미널,03호선,서울 서초구 신반포로 지하 188,127.005139104471,37.5045533598139
329,20151225,57486.0,62832.0,고속터미널,03호선,서울 서초구 신반포로 지하 188,127.005139104471,37.5045533598139
329,20161224,76059.0,75362.0,고속터미널,03호선,서울 서초구 신반포로 지하 188,127.005139104471,37.5045533598139
329,20161225,58555.0,58694.0,고속터미널,03호선,서울 서초구 신반포로 지하 188,127.005139104471,37.5045533598139
329,20171224,64850.0,61438.0,고속터미널,03호선,서울 서초구 신반포로 지하 188,127.005139104471,37.5045533598139
329,20171225,66101.0,60331.0,고속터미널,03호선,서울 서초구 신반포로 지하 188,127.005139104471,37.5045533598139
330,20151224,16876.0,12436.0,교대,03호선,서울특별시 서초구 서초대로 지하 294 (2호선 교대역),127.01203980000001,37.4934705
331,20151224,45761.0,45923.0,남부터미널,03호선,서울특별시 서초구 서초중앙로 지하 31 (남부터미널역),127.01620028391001,37.4851996335293
331,20151225,28021.0,27553.0,남부터미널,03호선,서울특별시 서초구 서초중앙로 지하 31 (남부터미널역),127.01620028391001,37.4851996335293
331,20161224,34324.0,33338.0,남부터미널,03호선,서울특별시 서초구 서초중앙로 지하 31 (남부터미널역),127.01620028391001,37.4851996335293
331,20161225,24401.0,26217.0,남부터미널,03호선,서울특별시 서초구 서초중앙로 지하 31 (남부터미널역),127.01620028391001,37.4851996335293
331,20171224,23987.0,23732.0,남부터미널,03호선,서울특별시 서초구 서초중앙로 지하 31 (남부터미널역),127.01620028391001,37.4851996335293
331,20171225,23579.0,24835.0,남부터미널,03호선,서울특별시 서초구 서초중앙로 지하 31 (남부터미널역),127.01620028391001,37.4851996335293
332,20151224,53687.0,54242.0,양재,03호선,서울특별시 서초구 남부순환로 지하 2585 (3호선 양재역),127.03416413339701,37.4845759109484
332,20151225,17991.0,18839.0,양재,03호선,서울특별시 서초구 남부순환로 지하 2585 (3호선 양재역),127.03416413339701,37.4845759109484
332,20161224,25454.0,26882.0,양재,03호선,서울특별시 서초구 남부순환로 지하 2585 (3호선 양재역),127.03416413339701,37.4845759109484
332,20161225,16561.0,18029.0,양재,03호선,서울특별시 서초구 남부순환로 지하 2585 (3호선 양재역),127.03416413339701,37.4845759109484
332,20171224,16434.0,17236.0,양재,03호선,서울특별시 서초구 남부순환로 지하 2585 (3호선 양재역),127.03416413339701,37.4845759109484
332,20171225,15406.0,17279.0,양재,03호선,서울특별시 서초구 남부순환로 지하 2585 (3호선 양재역),127.03416413339701,37.4845759109484
333,20151224,15370.0,14479.0,매봉,03호선,서울특별시 강남구 남부순환로 지하 2744 (매봉역),127.04671144838801,37.4869394661317
336,20161225,17835.0,17306.0,학여울,03호선,서울특별시 강남구 남부순환로 지하 3104 (학여울),127.071166599707,37.4968851977644
336,20171224,15585.0,14754.0,학여울,03호선,서울특별시 강남구 남부순환로 지하 3104 (학여울),127.071166599707,37.4968851977644
409,20151224,15341.0,14015.0,당고개,04호선,서울특별시 노원구 상계로 305 (당고개역),127.079068741818,37.6702179144106
410,20151224,26234.0,23442.0,상계,04호선,서울특별시 노원구 상계로 182 (상계역),127.073419461607,37.6607216309267
410,20151225,16009.0,14083.0,상계,04호선,서울특별시 노원구 상계로 182 (상계역),127.073419461607,37.6607216309267
410,20161224,18183.0,16225.0,상계,04호선,서울특별시 노원구 상계로 182 (상계역),127.073419461607,37.6607216309267
411,20151224,29172.0,33984.0,노원,04호선,서울특별시 노원구 동일로 지하1409 (상계동),127.063447137624,37.656341343966496
411,20151225,22394.0,24404.0,노원,04호선,서울특별시 노원구 동일로 지하1409 (상계동),127.063447137624,37.656341343966496
411,20161224,23464.0,26597.0,노원,04호선,서울특별시 노원구 동일로 지하1409 (상계동),127.063447137624,37.656341343966496
411,20161225,19490.0,20889.0,노원,04호선,서울특별시 노원구 동일로 지하1409 (상계동),127.063447137624,37.656341343966496
411,20171224,17547.0,19628.0,노원,04호선,서울특별시 노원구 동일로 지하1409 (상계동),127.063447137624,37.656341343966496
411,20171225,19243.0,20778.0,노원,04호선,서울특별시 노원구 동일로 지하1409 (상계동),127.063447137624,37.656341343966496
412,20151224,34844.0,37560.0,창동,04호선,서울특별시 도봉구 마들로 11길 77 (4호선 창동역),127.04764318915001,37.653339324586206
412,20151225,22632.0,24360.0,창동,04호선,서울특별시 도봉구 마들로 11길 77 (4호선 창동역),127.04764318915001,37.653339324586206
412,20161224,26105.0,27829.0,창동,04호선,서울특별시 도봉구 마들로 11길 77 (4호선 창동역),127.04764318915001,37.653339324586206
412,20161225,19637.0,20889.0,창동,04호선,서울특별시 도봉구 마들로 11길 77 (4호선 창동역),127.04764318915001,37.653339324586206
412,20171224,18994.0,20002.0,창동,04호선,서울특별시 도봉구 마들로 11길 77 (4호선 창동역),127.04764318915001,37.653339324586206
412,20171225,19287.0,20657.0,창동,04호선,서울특별시 도봉구 마들로 11길 77 (4호선 창동역),127.04764318915001,37.653339324586206
413,20151224,40467.0,34143.0,쌍문,04호선,서울특별시 도봉구 도봉로 지하 486-1 (쌍문역),127.03465609756,37.648542605703604
413,20151225,25513.0,20907.0,쌍문,04호선,서울특별시 도봉구 도봉로 지하 486-1 (쌍문역),127.03465609756,37.648542605703604
413,20161224,29836.0,25327.0,쌍문,04호선,서울특별시 도봉구 도봉로 지하 486-1 (쌍문역),127.03465609756,37.648542605703604
413,20161225,22383.0,19365.0,쌍문,04호선,서울특별시 도봉구 도봉로 지하 486-1 (쌍문역),127.03465609756,37.648542605703604
413,20171224,21496.0,18272.0,쌍문,04호선,서울특별시 도봉구 도봉로 지하 486-1 (쌍문역),127.03465609756,37.648542605703604
413,20171225,23108.0,20062.0,쌍문,04호선,서울특별시 도봉구 도봉로 지하 486-1 (쌍문역),127.03465609756,37.648542605703604
414,20151224,54706.0,53558.0,수유,04호선,서울특별시 강북구 도봉로 지하 338 (수유역),127.025510241279,37.637884492978
414,20151225,36103.0,34082.0,수유,04호선,서울특별시 강북구 도봉로 지하 338 (수유역),127.025510241279,37.637884492978
414,20161224,41575.0,40548.0,수유,04호선,서울특별시 강북구 도봉로 지하 338 (수유역),127.025510241279,37.637884492978
414,20161225,32512.0,30556.0,수유,04호선,서울특별시 강북구 도봉로 지하 338 (수유역),127.025510241279,37.637884492978
414,20171224,27431.0,26780.0,수유,04호선,서울특별시 강북구 도봉로 지하 338 (수유역),127.025510241279,37.637884492978
414,20171225,32238.0,30611.0,수유,04호선,서울특별시 강북구 도봉로 지하 338 (수유역),127.025510241279,37.637884492978
415,20151224,22275.0,20343.0,미아,04호선,서울특별시 강북구 도봉로 지하 198 (미아역),127.026041090189,37.6266544891889
415,20161224,15971.0,14480.0,미아,04호선,서울특별시 강북구 도봉로 지하 198 (미아역),127.026041090189,37.6266544891889
416,20151224,41806.0,41246.0,미아사거리,04호선,서울특별시 강북구 도봉로 지하 50 (미아삼거리역),127.03008663664801,37.6132792649944
416,20151225,29278.0,27839.0,미아사거리,04호선,서울특별시 강북구 도봉로 지하 50 (미아삼거리역),127.03008663664801,37.6132792649944
416,20161224,32793.0,31443.0,미아사거리,04호선,서울특별시 강북구 도봉로 지하 50 (미아삼거리역),127.03008663664801,37.6132792649944
416,20161225,23884.0,22547.0,미아사거리,04호선,서울특별시 강북구 도봉로 지하 50 (미아삼거리역),127.03008663664801,37.6132792649944
416,20171224,21937.0,20420.0,미아사거리,04호선,서울특별시 강북구 도봉로 지하 50 (미아삼거리역),127.03008663664801,37.6132792649944
416,20171225,25140.0,23316.0,미아사거리,04호선,서울특별시 강북구 도봉로 지하 50 (미아삼거리역),127.03008663664801,37.6132792649944
417,20151224,32150.0,29939.0,길음,04호선,서울특별시 성북구 동소문로 지하 248 (길음역),127.025059064911,37.6033947825571
417,20151225,18893.0,16589.0,길음,04호선,서울특별시 성북구 동소문로 지하 248 (길음역),127.025059064911,37.6033947825571
417,20161224,22771.0,21110.0,길음,04호선,서울특별시 성북구 동소문로 지하 248 (길음역),127.025059064911,37.6033947825571
417,20161225,16449.0,15121.0,길음,04호선,서울특별시 성북구 동소문로 지하 248 (길음역),127.025059064911,37.6033947825571
417,20171225,15508.0,14540.0,길음,04호선,서울특별시 성북구 동소문로 지하 248 (길음역),127.025059064911,37.6033947825571
418,20151224,31968.0,29449.0,성신여대입구,04호선,서울특별시 성북구 동소문로 지하 102 (성신여대역),127.017124928876,37.5929699315407
418,20151225,22704.0,20667.0,성신여대입구,04호선,서울특별시 성북구 동소문로 지하 102 (성신여대역),127.017124928876,37.5929699315407
418,20161224,26529.0,24943.0,성신여대입구,04호선,서울특별시 성북구 동소문로 지하 102 (성신여대역),127.017124928876,37.5929699315407
418,20161225,20150.0,18545.0,성신여대입구,04호선,서울특별시 성북구 동소문로 지하 102 (성신여대역),127.017124928876,37.5929699315407
418,20171224,17700.0,17338.0,성신여대입구,04호선,서울특별시 성북구 동소문로 지하 102 (성신여대역),127.017124928876,37.5929699315407
418,20171225,22442.0,20880.0,성신여대입구,04호선,서울특별시 성북구 동소문로 지하 102 (성신여대역),127.017124928876,37.5929699315407
419,20151224,18999.0,17861.0,한성대입구,04호선,서울특별시 성북구 삼선교로 지하 1 (한성대입구역),127.00601894894301,37.5884228114979
420,20151224,64867.0,67731.0,혜화,04호선,서울특별시 종로구 대학로 지하 120 (혜화역),127.00194274550199,37.5820439179086
420,20151225,65349.0,70928.0,혜화,04호선,서울특별시 종로구 대학로 지하 120 (혜화역),127.00194274550199,37.5820439179086
420,20161224,57881.0,62319.0,혜화,04호선,서울특별시 종로구 대학로 지하 120 (혜화역),127.00194274550199,37.5820439179086
420,20161225,46352.0,49281.0,혜화,04호선,서울특별시 종로구 대학로 지하 120 (혜화역),127.00194274550199,37.5820439179086
420,20171224,47617.0,51076.0,혜화,04호선,서울특별시 종로구 대학로 지하 120 (혜화역),127.00194274550199,37.5820439179086
420,20171225,46872.0,49291.0,혜화,04호선,서울특별시 종로구 대학로 지하 120 (혜화역),127.00194274550199,37.5820439179086
421,20151224,31771.0,32550.0,동대문,04호선,서울특별시 중구 마른내로 지하162 (광희동1가),127.010631546623,37.571667604016206
421,20151225,26977.0,29690.0,동대문,04호선,서울특별시 중구 마른내로 지하162 (광희동1가),127.010631546623,37.571667604016206
421,20161224,26938.0,26572.0,동대문,04호선,서울특별시 중구 마른내로 지하162 (광희동1가),127.010631546623,37.571667604016206
421,20161225,14666.0,15877.0,동대문,04호선,서울특별시 중구 마른내로 지하162 (광희동1가),127.010631546623,37.571667604016206
421,20171225,21317.0,22844.0,동대문,04호선,서울특별시 중구 마른내로 지하162 (광희동1가),127.010631546623,37.571667604016206
422,20151224,28400.0,27170.0,동대문역사문화공원,04호선,서울특별시 중구 을지로 지하 279 (2호선 동대문역역사문화공원역),127.009005301929,37.5656635044556
422,20151225,26916.0,24711.0,동대문역사문화공원,04호선,서울특별시 중구 을지로 지하 279 (2호선 동대문역역사문화공원역),127.009005301929,37.5656635044556
422,20161224,25648.0,22208.0,동대문역사문화공원,04호선,서울특별시 중구 을지로 지하 279 (2호선 동대문역역사문화공원역),127.009005301929,37.5656635044556
422,20161225,21285.0,18995.0,동대문역사문화공원,04호선,서울특별시 중구 을지로 지하 279 (2호선 동대문역역사문화공원역),127.009005301929,37.5656635044556
422,20171224,21013.0,19121.0,동대문역사문화공원,04호선,서울특별시 중구 을지로 지하 279 (2호선 동대문역역사문화공원역),127.009005301929,37.5656635044556
422,20171225,22033.0,19573.0,동대문역사문화공원,04호선,서울특별시 중구 을지로 지하 279 (2호선 동대문역역사문화공원역),127.009005301929,37.5656635044556
423,20151224,40050.0,42089.0,충무로,04호선, 서울특별시 중구 퇴계로 지하199(충무로역),126.994150735779,37.5613965840169
423,20151225,19672.0,19879.0,충무로,04호선, 서울특별시 중구 퇴계로 지하199(충무로역),126.994150735779,37.5613965840169
423,20161224,23879.0,24005.0,충무로,04호선, 서울특별시 중구 퇴계로 지하199(충무로역),126.994150735779,37.5613965840169
423,20161225,15064.0,15329.0,충무로,04호선, 서울특별시 중구 퇴계로 지하199(충무로역),126.994150735779,37.5613965840169
423,20171225,16430.0,16539.0,충무로,04호선, 서울특별시 중구 퇴계로 지하199(충무로역),126.994150735779,37.5613965840169
424,20151224,59648.0,71421.0,명동,04호선,서울특별시 중구 퇴계로 지하 126 (명동역),126.986400086711,37.5609634671841
424,20151225,68256.0,90317.0,명동,04호선,서울특별시 중구 퇴계로 지하 126 (명동역),126.986400086711,37.5609634671841
424,20161224,63552.0,79979.0,명동,04호선,서울특별시 중구 퇴계로 지하 126 (명동역),126.986400086711,37.5609634671841
424,20161225,54131.0,66066.0,명동,04호선,서울특별시 중구 퇴계로 지하 126 (명동역),126.986400086711,37.5609634671841
424,20171224,48145.0,59114.0,명동,04호선,서울특별시 중구 퇴계로 지하 126 (명동역),126.986400086711,37.5609634671841
424,20171225,55150.0,65283.0,명동,04호선,서울특별시 중구 퇴계로 지하 126 (명동역),126.986400086711,37.5609634671841
425,20151224,37263.0,38252.0,회현,04호선,서울 중구 퇴계로 지하 54,126.978238128257,37.558536761057404
425,20151225,24945.0,24225.0,회현,04호선,서울 중구 퇴계로 지하 54,126.978238128257,37.558536761057404
425,20161224,33390.0,31929.0,회현,04호선,서울 중구 퇴계로 지하 54,126.978238128257,37.558536761057404
425,20161225,15638.0,15175.0,회현,04호선,서울 중구 퇴계로 지하 54,126.978238128257,37.558536761057404
425,20171224,15573.0,15617.0,회현,04호선,서울 중구 퇴계로 지하 54,126.978238128257,37.558536761057404
425,20171225,23182.0,22859.0,회현,04호선,서울 중구 퇴계로 지하 54,126.978238128257,37.558536761057404
426,20151224,14302.0,25447.0,서울역,04호선,서울특별시 세종대로 지하 2 (남대문로 5가) (1호선 서울역),126.972091251236,37.5559802396321
426,20151225,7932.0,19891.0,서울역,04호선,서울특별시 세종대로 지하 2 (남대문로 5가) (1호선 서울역),126.972091251236,37.5559802396321
426,20161224,10037.0,21266.0,서울역,04호선,서울특별시 세종대로 지하 2 (남대문로 5가) (1호선 서울역),126.972091251236,37.5559802396321
426,20161225,7224.0,16905.0,서울역,04호선,서울특별시 세종대로 지하 2 (남대문로 5가) (1호선 서울역),126.972091251236,37.5559802396321
426,20171224,7710.0,18338.0,서울역,04호선,서울특별시 세종대로 지하 2 (남대문로 5가) (1호선 서울역),126.972091251236,37.5559802396321
426,20171225,7797.0,18712.0,서울역,04호선,서울특별시 세종대로 지하 2 (남대문로 5가) (1호선 서울역),126.972091251236,37.5559802396321
427,20151224,20161.0,19369.0,숙대입구,04호선,서울특별시 용산구 한강대로 지하 306(갈월동) (숙대입구역),126.97211812737301,37.5445952301115
429,20151224,16998.0,17869.0,신용산,04호선,서울특별시 용산구 한강대로 지하 112(한강로2가) (신용산역),126.967965039183,37.5292591489375
432,20151224,27243.0,30343.0,총신대입구,04호선,서울특별시 동작구 동작대로 지하 117(사당동) (4호선 총신대입구역),126.982211871752,37.486799595799496
432,20151225,16531.0,17848.0,총신대입구,04호선,서울특별시 동작구 동작대로 지하 117(사당동) (4호선 총신대입구역),126.982211871752,37.486799595799496
432,20161224,19532.0,21804.0,총신대입구,04호선,서울특별시 동작구 동작대로 지하 117(사당동) (4호선 총신대입구역),126.982211871752,37.486799595799496
432,20161225,14417.0,15916.0,총신대입구,04호선,서울특별시 동작구 동작대로 지하 117(사당동) (4호선 총신대입구역),126.982211871752,37.486799595799496
432,20171224,13457.0,15021.0,총신대입구,04호선,서울특별시 동작구 동작대로 지하 117(사당동) (4호선 총신대입구역),126.982211871752,37.486799595799496
432,20171225,13865.0,15581.0,총신대입구,04호선,서울특별시 동작구 동작대로 지하 117(사당동) (4호선 총신대입구역),126.982211871752,37.486799595799496
433,20151224,37609.0,28267.0,사당,04호선,서울특별시 동작구 남부순환로 지하 2089(사당동) (2호선 사당역),126.981558584016,37.476560430328895
433,20151225,23389.0,18594.0,사당,04호선,서울특별시 동작구 남부순환로 지하 2089(사당동) (2호선 사당역),126.981558584016,37.476560430328895
433,20161224,26187.0,22233.0,사당,04호선,서울특별시 동작구 남부순환로 지하 2089(사당동) (2호선 사당역),126.981558584016,37.476560430328895
433,20161225,19754.0,17387.0,사당,04호선,서울특별시 동작구 남부순환로 지하 2089(사당동) (2호선 사당역),126.981558584016,37.476560430328895
433,20171224,19621.0,16044.0,사당,04호선,서울특별시 동작구 남부순환로 지하 2089(사당동) (2호선 사당역),126.981558584016,37.476560430328895
433,20171225,18679.0,15716.0,사당,04호선,서울특별시 동작구 남부순환로 지하 2089(사당동) (2호선 사당역),126.981558584016,37.476560430328895
1003,20151224,50398.0,49914.0,용산,01호선,서울 용산구 한강대로23길 55,126.964824061815,37.530076364579394
1003,20151225,44412.0,47669.0,용산,01호선,서울 용산구 한강대로23길 55,126.964824061815,37.530076364579394
1003,20161224,45969.0,49272.0,용산,01호선,서울 용산구 한강대로23길 55,126.964824061815,37.530076364579394
1003,20161225,39887.0,38255.0,용산,01호선,서울 용산구 한강대로23길 55,126.964824061815,37.530076364579394
1003,20171224,44880.0,45151.0,용산,01호선,서울 용산구 한강대로23길 55,126.964824061815,37.530076364579394
1003,20171225,48303.0,45436.0,용산,01호선,서울 용산구 한강대로23길 55,126.964824061815,37.530076364579394
1004,20151224,24883.0,23483.0,노량진,01호선,서울 동작구 노량진로 174,126.94539228083099,37.5136064876753
1004,20151225,22774.0,21328.0,노량진,01호선,서울 동작구 노량진로 174,126.94539228083099,37.5136064876753
1004,20161224,19155.0,17383.0,노량진,01호선,서울 동작구 노량진로 174,126.94539228083099,37.5136064876753
1006,20151224,63096.0,68463.0,영등포,01호선,서울 영등포구 경인로 846,126.90787602747,37.5156836953862
1006,20151225,59444.0,61517.0,영등포,01호선,서울 영등포구 경인로 846,126.90787602747,37.5156836953862
1006,20161224,64764.0,68235.0,영등포,01호선,서울 영등포구 경인로 846,126.90787602747,37.5156836953862
1006,20161225,54574.0,54940.0,영등포,01호선,서울 영등포구 경인로 846,126.90787602747,37.5156836953862
1006,20171224,53030.0,54483.0,영등포,01호선,서울 영등포구 경인로 846,126.90787602747,37.5156836953862
1006,20171225,53607.0,53546.0,영등포,01호선,서울 영등포구 경인로 846,126.90787602747,37.5156836953862
1015,20151224,35200.0,33647.0,회기,01호선,서울 동대문구 경희대로 23,127.05262140539699,37.5954655474126
1015,20151225,24361.0,23180.0,회기,01호선,서울 동대문구 경희대로 23,127.05262140539699,37.5954655474126
1015,20161224,27428.0,25703.0,회기,01호선,서울 동대문구 경희대로 23,127.05262140539699,37.5954655474126
1015,20161225,21472.0,21141.0,회기,01호선,서울 동대문구 경희대로 23,127.05262140539699,37.5954655474126
1015,20171224,22649.0,21869.0,회기,01호선,서울 동대문구 경희대로 23,127.05262140539699,37.5954655474126
1015,20171225,19899.0,20014.0,회기,01호선,서울 동대문구 경희대로 23,127.05262140539699,37.5954655474126
1701,20151224,26101.0,26912.0,구로,01호선,서울 구로구 구로중앙로 174,126.88225041102301,37.5033243797635
1701,20151225,15509.0,16672.0,구로,01호선,서울 구로구 구로중앙로 174,126.88225041102301,37.5033243797635
1701,20161224,19023.0,20296.0,구로,01호선,서울 구로구 구로중앙로 174,126.88225041102301,37.5033243797635
1701,20161225,15250.0,15489.0,구로,01호선,서울 구로구 구로중앙로 174,126.88225041102301,37.5033243797635
1702,20151224,20616.0,23913.0,가산디지털단지,01호선,서울특별시 금천구 벚꽃로 309 (가산동),126.882661758356,37.4803959660982
1714,20151224,19305.0,19830.0,독산,01호선,서울 금천구 시흥대로 334,126.897847325412,37.4633309522334
1801,20151224,26911.0,26856.0,개봉,01호선,서울 구로구 경인로40길 47,126.858715959622,37.4946417150651
1801,20151225,17338.0,16751.0,개봉,01호선,서울 구로구 경인로40길 47,126.858715959622,37.4946417150651
1801,20161224,21894.0,21581.0,개봉,01호선,서울 구로구 경인로40길 47,126.858715959622,37.4946417150651
1801,20161225,16574.0,16074.0,개봉,01호선,서울 구로구 경인로40길 47,126.858715959622,37.4946417150651
1801,20171224,15675.0,15152.0,개봉,01호선,서울 구로구 경인로40길 47,126.858715959622,37.4946417150651
1801,20171225,17267.0,17068.0,개봉,01호선,서울 구로구 경인로40길 47,126.858715959622,37.4946417150651
1813,20171225,14980.0,16854.0,구일,01호선,서울특별시 구로구 구로1동,126.86741029999999,37.496272999999995
2517,20151224,20118.0,19277.0,우장산,05호선,서울특별시 강서구 강서로 지하262 (화곡동),126.836327173846,37.5488160380135
2518,20151224,35278.0,32490.0,화곡,05호선,서울특별시 강서구 화곡로 지하168 (화곡동),126.840455026335,37.5416507925709
2518,20151225,21173.0,19656.0,화곡,05호선,서울특별시 강서구 화곡로 지하168 (화곡동),126.840455026335,37.5416507925709
2518,20161224,25517.0,23604.0,화곡,05호선,서울특별시 강서구 화곡로 지하168 (화곡동),126.840455026335,37.5416507925709
2518,20161225,18327.0,17394.0,화곡,05호선,서울특별시 강서구 화곡로 지하168 (화곡동),126.840455026335,37.5416507925709
2518,20171224,18111.0,16903.0,화곡,05호선,서울특별시 강서구 화곡로 지하168 (화곡동),126.840455026335,37.5416507925709
2518,20171225,19109.0,18471.0,화곡,05호선,서울특별시 강서구 화곡로 지하168 (화곡동),126.840455026335,37.5416507925709
2519,20151224,36048.0,33817.0,까치산,05호선,서울특별시 강서구 강서로 지하54 (화곡동),126.846444264065,37.5322306724471
2519,20151225,22543.0,21321.0,까치산,05호선,서울특별시 강서구 강서로 지하54 (화곡동),126.846444264065,37.5322306724471
2519,20161224,26164.0,24752.0,까치산,05호선,서울특별시 강서구 강서로 지하54 (화곡동),126.846444264065,37.5322306724471
2519,20161225,20144.0,19336.0,까치산,05호선,서울특별시 강서구 강서로 지하54 (화곡동),126.846444264065,37.5322306724471
2519,20171224,19300.0,18271.0,까치산,05호선,서울특별시 강서구 강서로 지하54 (화곡동),126.846444264065,37.5322306724471
2519,20171225,20333.0,19720.0,까치산,05호선,서울특별시 강서구 강서로 지하54 (화곡동),126.846444264065,37.5322306724471
2520,20151224,17789.0,13734.0,신정,05호선,서울특별시 양천구 오목로 지하179 (신정동),126.85609747422501,37.5250276134139
2521,20151224,22805.0,24081.0,목동,05호선,서울특별시 양천구 오목로 지하245 (목동),126.86462527483101,37.526133313924205
2521,20161224,15135.0,15181.0,목동,05호선,서울특별시 양천구 오목로 지하245 (목동),126.86462527483101,37.526133313924205
2522,20151224,32733.0,36252.0,오목교,05호선,서울특별시 양천구 오목로 지하342 (목동),126.875307312696,37.524534083914396
2522,20151225,19405.0,20175.0,오목교,05호선,서울특별시 양천구 오목로 지하342 (목동),126.875307312696,37.524534083914396
2522,20161224,23797.0,25382.0,오목교,05호선,서울특별시 양천구 오목로 지하342 (목동),126.875307312696,37.524534083914396
2522,20161225,17291.0,17537.0,오목교,05호선,서울특별시 양천구 오목로 지하342 (목동),126.875307312696,37.524534083914396
2522,20171224,16425.0,17154.0,오목교,05호선,서울특별시 양천구 오목로 지하342 (목동),126.875307312696,37.524534083914396
2522,20171225,17616.0,18408.0,오목교,05호선,서울특별시 양천구 오목로 지하342 (목동),126.875307312696,37.524534083914396
2527,20151224,30067.0,31263.0,여의도,05호선,서울특별시 영등포구 여의나루로 지하40 (여의도동),126.92466104293001,37.521170089044496
2527,20161224,12885.0,15453.0,여의도,05호선,서울특별시 영등포구 여의나루로 지하40 (여의도동),126.92466104293001,37.521170089044496
2528,20171225,15479.0,14519.0,여의나루,05호선,서울특별시 영등포구 여의동로 지하343 (여의도동),126.93298596743999,37.5271469489465
2529,20151224,18579.0,19339.0,마포,05호선,서울특별시 마포구 마포대로 지하33 (도화동),126.94586483454701,37.539554931126204
2530,20151224,16921.0,17815.0,공덕,05호선,서울특별시 마포구 마포대로 지하100 (공덕동),126.951451177648,37.5445416897534
2533,20151224,22333.0,22204.0,서대문,05호선,서울특별시 종로구 통일로 지하126 (평동),126.96663705816299,37.565753318100796
2534,20151224,55947.0,55613.0,광화문,05호선,서울특별시 종로구 세종대로 지하172 (세종로),126.976423148119,37.5716477085545
2534,20151225,48844.0,42232.0,광화문,05호선,서울특별시 종로구 세종대로 지하172 (세종로),126.976423148119,37.5716477085545
2534,20161224,64008.0,64438.0,광화문,05호선,서울특별시 종로구 세종대로 지하172 (세종로),126.976423148119,37.5716477085545
2534,20161225,26467.0,24187.0,광화문,05호선,서울특별시 종로구 세종대로 지하172 (세종로),126.976423148119,37.5716477085545
2534,20171224,40385.0,39967.0,광화문,05호선,서울특별시 종로구 세종대로 지하172 (세종로),126.976423148119,37.5716477085545
2534,20171225,34842.0,32439.0,광화문,05호선,서울특별시 종로구 세종대로 지하172 (세종로),126.976423148119,37.5716477085545
2535,20151224,16242.0,17102.0,종로3가,05호선,서울특별시 종로구 돈화문로11길 지하26 (돈의동)  ,126.992153252476,37.570420844523
2535,20161224,15591.0,15685.0,종로3가,05호선,서울특별시 종로구 돈화문로11길 지하26 (돈의동)  ,126.992153252476,37.570420844523
2543,20151224,19768.0,18183.0,답십리,05호선,서울특별시 성동구 천호대로 지하300 (용답동),127.052561189877,37.566976386407795
2544,20151224,23498.0,23624.0,장한평,05호선,서울특별시 동대문구 천호대로 지하405 (장안동),127.06370366347001,37.561604753916605
2545,20151224,13601.0,15018.0,군자,05호선,서울특별시 광진구 천호대로 지하550 (능동)  ,127.079512877207,37.5571496853206
2546,20151224,18512.0,17016.0,아차산,05호선,서울특별시 광진구 천호대로 지하657 (능동),127.089566085085,37.5522482688631
2547,20151224,17367.0,16350.0,광나루,05호선,서울특별시 광진구 아차산로 지하571 (광장동,127.10352146450701,37.545299171567706
2548,20151224,27393.0,29455.0,천호,05호선,서울특별시 강동구 천호대로 지하997 (천호동),127.123928366579,37.5385103352887
2548,20151225,21428.0,21886.0,천호,05호선,서울특별시 강동구 천호대로 지하997 (천호동),127.123928366579,37.5385103352887
2548,20161224,22225.0,22397.0,천호,05호선,서울특별시 강동구 천호대로 지하997 (천호동),127.123928366579,37.5385103352887
2548,20161225,17126.0,16535.0,천호,05호선,서울특별시 강동구 천호대로 지하997 (천호동),127.123928366579,37.5385103352887
2548,20171224,16838.0,16777.0,천호,05호선,서울특별시 강동구 천호대로 지하997 (천호동),127.123928366579,37.5385103352887
2548,20171225,17717.0,17277.0,천호,05호선,서울특별시 강동구 천호대로 지하997 (천호동),127.123928366579,37.5385103352887
2549,20151224,22914.0,18807.0,강동,05호선,서울특별시 강동구 천호대로 지하1097 (천호동),127.13239630031401,37.5358819145235
2549,20161224,16246.0,13992.0,강동,05호선,서울특별시 강동구 천호대로 지하1097 (천호동),127.13239630031401,37.5358819145235
2555,20151224,16567.0,16353.0,둔촌동,05호선,서울특별시 강동구 양재대로 지하1369 (둔촌동),127.136214649814,37.5276568424723
2611,20151224,21337.0,20453.0,응암,06호선,서울특별시 은평구 증산로 지하477 (역촌동),126.91554218770901,37.5984910629281
2611,20161224,15396.0,14961.0,응암,06호선,서울특별시 은평구 증산로 지하477 (역촌동),126.91554218770901,37.5984910629281
2617,20151224,15113.0,13881.0,새절,06호선,서울특별시 은평구 증산로 지하400 (신사동,126.913580663181,37.5908600479967
2619,20151224,17951.0,19346.0,디지털미디어시티,06호선,서울특별시 은평구 수색로 지하175 (증산동),126.90127760926501,37.5760124042175
2621,20151224,16178.0,14295.0,마포구청,06호선,서울특별시 마포구 월드컵로 지하190 (성산동),126.903425598797,37.56348718659321
2622,20151224,14360.0,15241.0,망원,06호선,서울특별시 마포구 월드컵로 지하77 (망원동),126.91009561678001,37.556082490876
2623,20151224,15697.0,15628.0,합정,06호선,서울특별시 마포구 양화로 지하45 (합정동),126.91445770538601,37.5499122011964
2624,20151224,13976.0,17987.0,상수,06호선,서울 마포구 독막로 지하 85,126.922503466937,37.5477482120012
2624,20161224,13321.0,16784.0,상수,06호선,서울 마포구 독막로 지하 85,126.922503466937,37.5477482120012
2627,20151224,22424.0,21616.0,공덕,06호선,서울특별시 마포구 마포대로 지하100 (공덕동),126.951451177648,37.5445416897534
2631,20151224,22326.0,32662.0,이태원,06호선,서울특별시 용산구 이태원로 지하177 (이태원동),126.994333861918,37.534525205051104
2631,20151225,30492.0,34727.0,이태원,06호선,서울특별시 용산구 이태원로 지하177 (이태원동),126.994333861918,37.534525205051104
2631,20161224,32226.0,43284.0,이태원,06호선,서울특별시 용산구 이태원로 지하177 (이태원동),126.994333861918,37.534525205051104
2631,20161225,28872.0,25892.0,이태원,06호선,서울특별시 용산구 이태원로 지하177 (이태원동),126.994333861918,37.534525205051104
2631,20171224,29423.0,35549.0,이태원,06호선,서울특별시 용산구 이태원로 지하177 (이태원동),126.994333861918,37.534525205051104
2631,20171225,29266.0,25761.0,이태원,06호선,서울특별시 용산구 이태원로 지하177 (이태원동),126.994333861918,37.534525205051104
2645,20151224,15990.0,15633.0,석계,06호선,서울특별시 노원구 화랑로 지하347-1 (월계동),127.06568715944701,37.6150068855165
2647,20151224,15610.0,11044.0,화랑대,06호선,서울특별시 노원구 화랑로 지하510 (공릉동),127.08354407563999,37.6198415528121
2713,20151224,16470.0,15578.0,수락산,07호선,서울특별시 노원구 동일로 지하1662 (상계동),127.055350968781,37.6778814656816
2715,20151224,27216.0,30868.0,노원,07호선,서울특별시 노원구 동일로 지하1409 (상계동),127.063447137624,37.656341343966496
2715,20151225,17600.0,19283.0,노원,07호선,서울특별시 노원구 동일로 지하1409 (상계동),127.063447137624,37.656341343966496
2715,20161224,20214.0,21980.0,노원,07호선,서울특별시 노원구 동일로 지하1409 (상계동),127.063447137624,37.656341343966496
2715,20161225,15536.0,16580.0,노원,07호선,서울특별시 노원구 동일로 지하1409 (상계동),127.063447137624,37.656341343966496
2715,20171224,15349.0,16612.0,노원,07호선,서울특별시 노원구 동일로 지하1409 (상계동),127.063447137624,37.656341343966496
2715,20171225,15685.0,16847.0,노원,07호선,서울특별시 노원구 동일로 지하1409 (상계동),127.063447137624,37.656341343966496
2716,20151224,18768.0,16655.0,중계,07호선,서울특별시 노원구 동일로 지하1308-1 (중계동),127.06411035896002,37.6450921230569
2717,20151224,24410.0,23100.0,하계,07호선,서울특별시 노원구 동일로 지하1196 (하계동),127.06799127875799,37.63647653918579
2717,20161224,16576.0,15459.0,하계,07호선,서울특별시 노원구 동일로 지하1196 (하계동),127.06799127875799,37.63647653918579
2718,20151224,15255.0,15032.0,공릉,07호선,서울특별시 노원구 동일로 지하1074 (공릉동),127.073033585328,37.625542764855794
2723,20151224,17577.0,16463.0,면목,07호선,서울특별시 중랑구 면목로 지하407 (면목동),127.08750380385901,37.5887148877725
2724,20151224,19493.0,18916.0,사가정,07호선,서울특별시 중랑구 사가정로 지하393 (면목동),127.088504554212,37.5809403751459
2727,20151224,17689.0,13193.0,군자,07호선,서울특별시 광진구 천호대로 지하550 (능동)  ,127.079512877207,37.5571496853206
2728,20151224,17262.0,16650.0,어린이대공원,07호선,서울특별시 광진구 능동로 지하210 (화양동),127.074655256871,37.547962678221104
2729,20151224,20889.0,23731.0,건대입구,07호선,서울특별시 광진구 능동로 지하110 (화양동),127.069203234354,37.5404068198011
2729,20151225,15928.0,17134.0,건대입구,07호선,서울특별시 광진구 능동로 지하110 (화양동),127.069203234354,37.5404068198011
2729,20161224,16997.0,19545.0,건대입구,07호선,서울특별시 광진구 능동로 지하110 (화양동),127.069203234354,37.5404068198011
2729,20171225,13841.0,15462.0,건대입구,07호선,서울특별시 광진구 능동로 지하110 (화양동),127.069203234354,37.5404068198011
2731,20151224,26519.0,30851.0,청담,07호선,서울특별시 강남구 학동로 지하508 (청담동),127.053717937903,37.519455579961
2731,20161224,14180.0,15934.0,청담,07호선,서울특별시 강남구 학동로 지하508 (청담동),127.053717937903,37.519455579961
2732,20151224,18447.0,20139.0,강남구청,07호선,서울특별시 강남구 학동로 지하346 (삼성동),127.04130981456301,37.517215271370894
2733,20151224,27210.0,29798.0,학동,07호선,서울 강남구 학동로 지하 180,127.031899643776,37.5143584020133
2734,20151224,23380.0,26155.0,논현,07호선,서울특별시 강남구 학동로 지하102 (논현동),127.02165311205401,37.5112018042687
2736,20151224,25605.0,23328.0,고속터미널,07호선,서울 서초구 신반포로 지하 188,127.005139104471,37.5045533598139
2736,20151225,18109.0,14921.0,고속터미널,07호선,서울 서초구 신반포로 지하 188,127.005139104471,37.5045533598139
2736,20161224,23614.0,18613.0,고속터미널,07호선,서울 서초구 신반포로 지하 188,127.005139104471,37.5045533598139
2736,20161225,18650.0,13817.0,고속터미널,07호선,서울 서초구 신반포로 지하 188,127.005139104471,37.5045533598139
2736,20171224,16752.0,13044.0,고속터미널,07호선,서울 서초구 신반포로 지하 188,127.005139104471,37.5045533598139
2736,20171225,18245.0,13382.0,고속터미널,07호선,서울 서초구 신반포로 지하 188,127.005139104471,37.5045533598139
2737,20151224,17611.0,17819.0,내방,07호선,서울특별시 서초구 서초대로 지하103 (방배동),126.99360018058901,37.487658521236895
2738,20151224,20533.0,20948.0,이수,07호선,서울특별시 동작구 사당로 지하310 (사당동),126.982211871752,37.486799595799496
2740,20151224,16442.0,15403.0,숭실대입구,07호선,서울특별시 동작구 상도로 지하378 (상도동),126.953621963422,37.4963172817574
2743,20151224,18891.0,17587.0,신대방삼거리,07호선,서울특별시 동작구 상도로 지하76 (대방동)  ,126.928215469236,37.4997572316574
2747,20151224,19876.0,20500.0,남구로,07호선,서울 구로구 도림로 지하 7,126.88797025702401,37.4869892904115
2748,20151224,55314.0,52488.0,가산디지털단지,07호선,서울특별시 금천구 벚꽃로 309 (가산동),126.882661758356,37.4803959660982
2748,20151225,17005.0,15545.0,가산디지털단지,07호선,서울특별시 금천구 벚꽃로 309 (가산동),126.882661758356,37.4803959660982
2748,20161224,19861.0,18042.0,가산디지털단지,07호선,서울특별시 금천구 벚꽃로 309 (가산동),126.882661758356,37.4803959660982
2811,20151224,21085.0,17982.0,암사,08호선,서울특별시 강동구 올림픽로 지하776 (암사동),127.127541862871,37.550159080738794
2812,20151224,23680.0,27413.0,천호,08호선,서울특별시 강동구 천호대로 지하997 (천호동),127.123928366579,37.5385103352887
2812,20151225,15926.0,18933.0,천호,08호선,서울특별시 강동구 천호대로 지하997 (천호동),127.123928366579,37.5385103352887
2812,20161224,17860.0,21205.0,천호,08호선,서울특별시 강동구 천호대로 지하997 (천호동),127.123928366579,37.5385103352887
2812,20161225,13431.0,15762.0,천호,08호선,서울특별시 강동구 천호대로 지하997 (천호동),127.123928366579,37.5385103352887
2812,20171224,14115.0,16307.0,천호,08호선,서울특별시 강동구 천호대로 지하997 (천호동),127.123928366579,37.5385103352887
2812,20171225,14165.0,16717.0,천호,08호선,서울특별시 강동구 천호대로 지하997 (천호동),127.123928366579,37.5385103352887
2815,20151224,17156.0,19099.0,잠실,08호선,서울특별시 송파구 올림픽로 305 (신천동),127.10022875908199,37.513312862698996
2815,20151225,17034.0,17746.0,잠실,08호선,서울특별시 송파구 올림픽로 305 (신천동),127.10022875908199,37.513312862698996
2815,20161224,17670.0,20229.0,잠실,08호선,서울특별시 송파구 올림픽로 305 (신천동),127.10022875908199,37.513312862698996
2815,20161225,13411.0,15279.0,잠실,08호선,서울특별시 송파구 올림픽로 305 (신천동),127.10022875908199,37.513312862698996
2815,20171224,17339.0,19168.0,잠실,08호선,서울특별시 송파구 올림픽로 305 (신천동),127.10022875908199,37.513312862698996
2815,20171225,17832.0,19502.0,잠실,08호선,서울특별시 송파구 올림픽로 305 (신천동),127.10022875908199,37.513312862698996
2820,20151224,17695.0,17373.0,장지,08호선,서울특별시 송파구 송파대로 지하82 (장지동),127.12617656737,37.4786316933099
4107,20151224,24438.0,23537.0,가양,09호선,서울특별시,126.8520553,37.561553
4107,20161224,16929.0,15766.0,가양,09호선,서울특별시,126.8520553,37.561553
4113,20151224,20668.0,18660.0,당산,09호선,서울특별시 영등포구 당산로 229(당산동 6가) (2호선 당산역),126.902611795523,37.5347843171332
4114,20151224,19038.0,18013.0,국회의사당,09호선,서울 영등포구 의사당대로 1,126.91416637561899,37.5319101600816
4115,20151224,23702.0,21426.0,여의도,09호선,서울특별시 영등포구 여의나루로 지하40 (여의도동),126.92466104293001,37.521170089044496
4117,20151224,28372.0,29511.0,노량진,09호선,서울 동작구 노량진로 174,126.94539228083099,37.5136064876753
4117,20151225,20835.0,22690.0,노량진,09호선,서울 동작구 노량진로 174,126.94539228083099,37.5136064876753
4117,20161224,27230.0,28800.0,노량진,09호선,서울 동작구 노량진로 174,126.94539228083099,37.5136064876753
4117,20161225,19797.0,22941.0,노량진,09호선,서울 동작구 노량진로 174,126.94539228083099,37.5136064876753
4117,20171224,19761.0,21718.0,노량진,09호선,서울 동작구 노량진로 174,126.94539228083099,37.5136064876753
4117,20171225,20966.0,23711.0,노량진,09호선,서울 동작구 노량진로 174,126.94539228083099,37.5136064876753
4123,20151224,20232.0,24516.0,고속터미널,09호선,서울 서초구 신반포로 지하 188,127.005139104471,37.5045533598139
4123,20151225,15788.0,18090.0,고속터미널,09호선,서울 서초구 신반포로 지하 188,127.005139104471,37.5045533598139
4123,20161224,16063.0,24379.0,고속터미널,09호선,서울 서초구 신반포로 지하 188,127.005139104471,37.5045533598139
4123,20161225,12774.0,20363.0,고속터미널,09호선,서울 서초구 신반포로 지하 188,127.005139104471,37.5045533598139
4123,20171224,11260.0,19985.0,고속터미널,09호선,서울 서초구 신반포로 지하 188,127.005139104471,37.5045533598139
4123,20171225,11874.0,20716.0,고속터미널,09호선,서울 서초구 신반포로 지하 188,127.005139104471,37.5045533598139
