,x,y,stations,date,in_people,out_people
0,127.050562895654,37.58809924064675,['청량리' '회기'],20151224,69792.0,69855.0
1,127.050562895654,37.58809924064675,['청량리' '회기'],20151225,52796.0,53351.0
2,127.050562895654,37.58809924064675,['청량리' '회기'],20161224,58172.0,57862.0
3,127.050562895654,37.58809924064675,['청량리' '회기'],20161225,44495.0,44456.0
4,127.050562895654,37.58809924064675,['청량리' '회기'],20171224,41935.0,42320.0
5,127.050562895654,37.58809924064675,['청량리' '회기'],20171225,43428.0,44325.0
6,127.054546643975,37.510937984484336,['삼성' '선릉' '청담'],20151224,169410.0,162067.0
7,127.054546643975,37.510937984484336,['삼성' '선릉' '청담'],20151225,70197.0,71314.0
8,127.054546643975,37.510937984484336,['삼성' '선릉' '청담'],20161224,95409.0,94689.0
9,127.054546643975,37.510937984484336,['삼성' '선릉' '청담'],20161225,66678.0,66585.0
10,127.054546643975,37.510937984484336,['삼성' '선릉' '청담'],20171224,80401.0,80766.0
11,127.054546643975,37.510937984484336,['삼성' '선릉' '청담'],20171225,79196.0,78294.0
12,127.05070684271,37.683696572007,['도봉산' '수락산'],20151224,33748.0,31010.0
13,127.05070684271,37.683696572007,['도봉산' '수락산'],20151225,23336.0,22423.0
14,127.05070684271,37.683696572007,['도봉산' '수락산'],20161224,26765.0,25021.0
15,127.05070684271,37.683696572007,['도봉산' '수락산'],20161225,24630.0,24382.0
16,127.05070684271,37.683696572007,['도봉산' '수락산'],20171224,19113.0,18328.0
17,127.05070684271,37.683696572007,['도봉산' '수락산'],20171225,21619.0,20776.0
18,127.13084643890232,37.53401636409483,['강동' '둔촌동' '천호'],20151224,90554.0,92028.0
19,127.13084643890232,37.53401636409483,['강동' '둔촌동' '천호'],20151225,59359.0,60118.0
20,127.13084643890232,37.53401636409483,['강동' '둔촌동' '천호'],20161224,66569.0,67671.0
21,127.13084643890232,37.53401636409483,['강동' '둔촌동' '천호'],20161225,49727.0,50465.0
22,127.13084643890232,37.53401636409483,['강동' '둔촌동' '천호'],20171224,49256.0,49754.0
23,127.13084643890232,37.53401636409483,['강동' '둔촌동' '천호'],20171225,50068.0,51090.0
24,126.98199410917333,37.48338654064263,['사당' '이수' '총신대입구'],20151224,134593.0,133854.0
25,126.98199410917333,37.48338654064263,['사당' '이수' '총신대입구'],20151225,79229.0,79742.0
26,126.98199410917333,37.48338654064263,['사당' '이수' '총신대입구'],20161224,95144.0,98005.0
27,126.98199410917333,37.48338654064263,['사당' '이수' '총신대입구'],20161225,70817.0,74302.0
28,126.98199410917333,37.48338654064263,['사당' '이수' '총신대입구'],20171224,68594.0,70357.0
29,126.98199410917333,37.48338654064263,['사당' '이수' '총신대입구'],20171225,67347.0,71194.0
30,126.97802647937719,37.56988474869472,['경복궁' '광화문' '시청' '을지로입구' '종각'],20151224,267973.0,255583.0
31,126.97802647937719,37.56988474869472,['경복궁' '광화문' '시청' '을지로입구' '종각'],20151225,211340.0,176007.0
32,126.97802647937719,37.56988474869472,['경복궁' '광화문' '시청' '을지로입구' '종각'],20161224,254849.0,228303.0
33,126.97802647937719,37.56988474869472,['경복궁' '광화문' '시청' '을지로입구' '종각'],20161225,129368.0,114208.0
34,126.97802647937719,37.56988474869472,['경복궁' '광화문' '시청' '을지로입구' '종각'],20171224,145346.0,136129.0
35,126.97802647937719,37.56988474869472,['경복궁' '광화문' '시청' '을지로입구' '종각'],20171225,154762.0,136315.0
36,126.9332221,37.48333725,['봉천' '신림'],20151224,116437.0,113213.0
37,126.9332221,37.48333725,['봉천' '신림'],20151225,75893.0,72765.0
38,126.9332221,37.48333725,['봉천' '신림'],20161224,87782.0,85238.0
39,126.9332221,37.48333725,['봉천' '신림'],20161225,67176.0,65438.0
40,126.9332221,37.48333725,['봉천' '신림'],20171224,66184.0,64040.0
41,126.9332221,37.48333725,['봉천' '신림'],20171225,65544.0,63779.0
42,127.041149643355,37.650940965144905,['쌍문' '창동'],20151224,75311.0,71703.0
43,127.041149643355,37.650940965144905,['쌍문' '창동'],20151225,48147.0,45267.0
44,127.041149643355,37.650940965144905,['쌍문' '창동'],20161224,55942.0,53156.0
45,127.041149643355,37.650940965144905,['쌍문' '창동'],20161225,42020.0,40254.0
46,127.041149643355,37.650940965144905,['쌍문' '창동'],20171224,40490.0,38274.0
47,127.041149643355,37.650940965144905,['쌍문' '창동'],20171225,42395.0,40719.0
48,126.902351604031,37.56974979540536,['디지털미디어시티' '마포구청'],20151224,34129.0,33641.0
49,126.902351604031,37.56974979540536,['디지털미디어시티' '마포구청'],20151225,16831.0,15659.0
50,126.902351604031,37.56974979540536,['디지털미디어시티' '마포구청'],20161224,20408.0,19536.0
51,126.902351604031,37.56974979540536,['디지털미디어시티' '마포구청'],20161225,14520.0,13902.0
52,126.902351604031,37.56974979540536,['디지털미디어시티' '마포구청'],20171224,13776.0,13028.0
53,126.902351604031,37.56974979540536,['디지털미디어시티' '마포구청'],20171225,14058.0,13583.0
54,127.01196740131634,37.49017335580704,['교대' '남부터미널' '서초'],20151224,133744.0,133530.0
55,127.01196740131634,37.49017335580704,['교대' '남부터미널' '서초'],20151225,62637.0,61907.0
56,127.01196740131634,37.49017335580704,['교대' '남부터미널' '서초'],20161224,77289.0,75598.0
57,127.01196740131634,37.49017335580704,['교대' '남부터미널' '서초'],20161225,58638.0,60195.0
58,127.01196740131634,37.49017335580704,['교대' '남부터미널' '서초'],20171224,58642.0,57347.0
59,127.01196740131634,37.49017335580704,['교대' '남부터미널' '서초'],20171225,54758.0,55335.0
60,127.0275728507795,37.608337023775746,['길음' '미아사거리'],20151224,73956.0,71185.0
61,127.0275728507795,37.608337023775746,['길음' '미아사거리'],20151225,48171.0,44428.0
62,127.0275728507795,37.608337023775746,['길음' '미아사거리'],20161224,55564.0,52553.0
63,127.0275728507795,37.608337023775746,['길음' '미아사거리'],20161225,40333.0,37668.0
64,127.0275728507795,37.608337023775746,['길음' '미아사거리'],20171224,35799.0,32920.0
65,127.0275728507795,37.608337023775746,['길음' '미아사거리'],20171225,40648.0,37856.0
66,127.02577566573399,37.63226949108345,['미아' '수유'],20151224,76981.0,73901.0
67,127.02577566573399,37.63226949108345,['미아' '수유'],20151225,49795.0,46007.0
68,127.02577566573399,37.63226949108345,['미아' '수유'],20161224,57546.0,55028.0
69,127.02577566573399,37.63226949108345,['미아' '수유'],20161225,44529.0,41396.0
70,127.02577566573399,37.63226949108345,['미아' '수유'],20171224,38532.0,36646.0
71,127.02577566573399,37.63226949108345,['미아' '수유'],20171225,44297.0,41594.0
72,126.908389085571,37.533347238607405,['국회의사당' '당산'],20151224,65695.0,65096.0
73,126.908389085571,37.533347238607405,['국회의사당' '당산'],20151225,31691.0,30366.0
74,126.908389085571,37.533347238607405,['국회의사당' '당산'],20161224,34856.0,34722.0
75,126.908389085571,37.533347238607405,['국회의사당' '당산'],20161225,27049.0,27090.0
76,126.908389085571,37.533347238607405,['국회의사당' '당산'],20171224,26443.0,26073.0
77,126.908389085571,37.533347238607405,['국회의사당' '당산'],20171225,26283.0,26594.0
78,127.102018974114,37.5170121405626,['잠실' '잠실나루'],20151224,144697.0,140568.0
79,127.102018974114,37.5170121405626,['잠실' '잠실나루'],20151225,123392.0,116005.0
80,127.102018974114,37.5170121405626,['잠실' '잠실나루'],20161224,135621.0,127731.0
81,127.102018974114,37.5170121405626,['잠실' '잠실나루'],20161225,101317.0,95606.0
82,127.102018974114,37.5170121405626,['잠실' '잠실나루'],20171224,119289.0,112108.0
83,127.102018974114,37.5170121405626,['잠실' '잠실나루'],20171225,120973.0,114978.0
84,127.084539481146,37.55469897709185,['군자' '아차산'],20151224,49802.0,45227.0
85,127.084539481146,37.55469897709185,['군자' '아차산'],20151225,30587.0,27959.0
86,127.084539481146,37.55469897709185,['군자' '아차산'],20161224,35527.0,32693.0
87,127.084539481146,37.55469897709185,['군자' '아차산'],20161225,27378.0,25421.0
88,127.084539481146,37.55469897709185,['군자' '아차산'],20171224,26562.0,24517.0
89,127.084539481146,37.55469897709185,['군자' '아차산'],20171225,27279.0,25502.0
90,127.06843329961549,37.658531487446595,['노원' '상계'],20151224,82622.0,88294.0
91,127.06843329961549,37.658531487446595,['노원' '상계'],20151225,56003.0,57770.0
92,127.06843329961549,37.658531487446595,['노원' '상계'],20161224,61861.0,64802.0
93,127.06843329961549,37.658531487446595,['노원' '상계'],20161225,48501.0,49805.0
94,127.06843329961549,37.658531487446595,['노원' '상계'],20171224,45768.0,47655.0
95,127.06843329961549,37.658531487446595,['노원' '상계'],20171225,48663.0,49994.0
96,127.04043779089251,37.48575768854005,['매봉' '양재'],20151224,69057.0,68721.0
97,127.04043779089251,37.48575768854005,['매봉' '양재'],20151225,22879.0,23310.0
98,127.04043779089251,37.48575768854005,['매봉' '양재'],20161224,32060.0,32996.0
99,127.04043779089251,37.48575768854005,['매봉' '양재'],20161225,20636.0,21906.0
100,127.04043779089251,37.48575768854005,['매봉' '양재'],20171224,20590.0,21190.0
101,127.04043779089251,37.48575768854005,['매봉' '양재'],20171225,19632.0,21330.0
102,127.0581324266735,37.5642905701622,['답십리' '장한평'],20151224,43266.0,41807.0
103,127.0581324266735,37.5642905701622,['답십리' '장한평'],20151225,23447.0,21886.0
104,127.0581324266735,37.5642905701622,['답십리' '장한평'],20161224,27983.0,26587.0
105,127.0581324266735,37.5642905701622,['답십리' '장한평'],20161225,20172.0,18856.0
106,127.0581324266735,37.5642905701622,['답십리' '장한평'],20171224,19840.0,18716.0
107,127.0581324266735,37.5642905701622,['답십리' '장한평'],20171225,21943.0,21117.0
108,127.0297030981515,37.5771026334429,['신설동' '제기동'],20151224,46644.0,45372.0
109,127.0297030981515,37.5771026334429,['신설동' '제기동'],20151225,28653.0,27485.0
110,127.0297030981515,37.5771026334429,['신설동' '제기동'],20161224,36075.0,34840.0
111,127.0297030981515,37.5771026334429,['신설동' '제기동'],20161225,25215.0,24999.0
112,127.0297030981515,37.5771026334429,['신설동' '제기동'],20171224,23277.0,22144.0
113,127.0297030981515,37.5771026334429,['신설동' '제기동'],20171225,28164.0,28114.0
114,127.013869723342,37.569055760593784,['동대문' '동대문역사문화공원' '동묘앞' '신당'],20151224,154545.0,164672.0
115,127.013869723342,37.569055760593784,['동대문' '동대문역사문화공원' '동묘앞' '신당'],20151225,130027.0,147064.0
116,127.013869723342,37.569055760593784,['동대문' '동대문역사문화공원' '동묘앞' '신당'],20161224,136069.0,138882.0
117,127.013869723342,37.569055760593784,['동대문' '동대문역사문화공원' '동묘앞' '신당'],20161225,103419.0,112428.0
118,127.013869723342,37.569055760593784,['동대문' '동대문역사문화공원' '동묘앞' '신당'],20171224,90806.0,97029.0
119,127.013869723342,37.569055760593784,['동대문' '동대문역사문화공원' '동묘앞' '신당'],20171225,109364.0,118280.0
120,127.066050818859,37.640784331121345,['중계' '하계'],20151224,43178.0,39755.0
121,127.066050818859,37.640784331121345,['중계' '하계'],20151225,24386.0,21757.0
122,127.066050818859,37.640784331121345,['중계' '하계'],20161224,28541.0,25690.0
123,127.066050818859,37.640784331121345,['중계' '하계'],20161225,22009.0,20478.0
124,127.066050818859,37.640784331121345,['중계' '하계'],20171224,20731.0,19078.0
125,127.066050818859,37.640784331121345,['중계' '하계'],20171225,21745.0,20149.0
126,126.953621963422,37.4963172817574,['숭실대입구'],20151224,16442.0,15403.0
127,126.953621963422,37.4963172817574,['숭실대입구'],20151225,8249.0,7863.0
128,126.953621963422,37.4963172817574,['숭실대입구'],20161224,10480.0,9772.0
129,126.953621963422,37.4963172817574,['숭실대입구'],20161225,7332.0,7497.0
130,126.953621963422,37.4963172817574,['숭실대입구'],20171224,7301.0,6901.0
131,126.953621963422,37.4963172817574,['숭실대입구'],20171225,7219.0,7332.0
132,127.0880041790355,37.5848276314592,['면목' '사가정'],20151224,37070.0,35379.0
133,127.0880041790355,37.5848276314592,['면목' '사가정'],20151225,23170.0,21833.0
134,127.0880041790355,37.5848276314592,['면목' '사가정'],20161224,26696.0,25224.0
135,127.0880041790355,37.5848276314592,['면목' '사가정'],20161225,20664.0,19843.0
136,127.0880041790355,37.5848276314592,['면목' '사가정'],20171224,19319.0,18295.0
137,127.0880041790355,37.5848276314592,['면목' '사가정'],20171225,20504.0,19704.0
138,127.051727317191,37.54591601968325,['뚝섬' '성수'],20151224,50403.0,53736.0
139,127.051727317191,37.54591601968325,['뚝섬' '성수'],20151225,18967.0,19831.0
140,127.051727317191,37.54591601968325,['뚝섬' '성수'],20161224,26463.0,28186.0
141,127.051727317191,37.54591601968325,['뚝섬' '성수'],20161225,17604.0,18510.0
142,127.051727317191,37.54591601968325,['뚝섬' '성수'],20171224,16863.0,17339.0
143,127.051727317191,37.54591601968325,['뚝섬' '성수'],20171225,18746.0,20686.0
144,126.88678145593701,37.506116431205754,['구로' '신도림'],20151224,105316.0,106877.0
145,126.88678145593701,37.506116431205754,['구로' '신도림'],20151225,68629.0,71166.0
146,126.88678145593701,37.506116431205754,['구로' '신도림'],20161224,80630.0,83612.0
147,126.88678145593701,37.506116431205754,['구로' '신도림'],20161225,59876.0,60865.0
148,126.88678145593701,37.506116431205754,['구로' '신도림'],20171224,56521.0,58237.0
149,126.88678145593701,37.506116431205754,['구로' '신도림'],20171225,59313.0,59439.0
150,126.9330719319665,37.6054271096466,['녹번' '불광'],20151224,47974.0,47435.0
151,126.9330719319665,37.6054271096466,['녹번' '불광'],20151225,29420.0,29269.0
152,126.9330719319665,37.6054271096466,['녹번' '불광'],20161224,36498.0,36953.0
153,126.9330719319665,37.6054271096466,['녹번' '불광'],20161225,25937.0,26472.0
154,126.9330719319665,37.6054271096466,['녹번' '불광'],20171224,24572.0,24220.0
155,126.9330719319665,37.6054271096466,['녹번' '불광'],20171225,25401.0,25557.0
156,127.0322348717705,37.499379927195605,['강남' '역삼'],20151224,179159.0,185960.0
157,127.0322348717705,37.499379927195605,['강남' '역삼'],20151225,74955.0,79620.0
158,127.0322348717705,37.499379927195605,['강남' '역삼'],20161224,102398.0,109334.0
159,127.0322348717705,37.499379927195605,['강남' '역삼'],20161225,66642.0,67327.0
160,127.0322348717705,37.499379927195605,['강남' '역삼'],20171224,71528.0,76743.0
161,127.0322348717705,37.499379927195605,['강남' '역삼'],20171225,74773.0,76286.0
162,126.8957281100455,37.521903124660156,['문래' '영등포구청'],20151224,54445.0,54233.0
163,126.8957281100455,37.521903124660156,['문래' '영등포구청'],20151225,20817.0,20866.0
164,126.8957281100455,37.521903124660156,['문래' '영등포구청'],20161224,27692.0,28303.0
165,126.8957281100455,37.521903124660156,['문래' '영등포구청'],20161225,16739.0,16935.0
166,126.8957281100455,37.521903124660156,['문래' '영등포구청'],20171224,17316.0,17365.0
167,126.8957281100455,37.521903124660156,['문래' '영등포구청'],20171225,19058.0,19898.0
168,127.0039808472225,37.58523336470325,['한성대입구' '혜화'],20151224,83866.0,85592.0
169,127.0039808472225,37.58523336470325,['한성대입구' '혜화'],20151225,76832.0,81706.0
170,127.0039808472225,37.58523336470325,['한성대입구' '혜화'],20161224,71900.0,75776.0
171,127.0039808472225,37.58523336470325,['한성대입구' '혜화'],20161225,56062.0,58653.0
172,127.0039808472225,37.58523336470325,['한성대입구' '혜화'],20171224,57705.0,60799.0
173,127.0039808472225,37.58523336470325,['한성대입구' '혜화'],20171225,56817.0,58962.0
174,126.9730860450325,37.5401012628762,['삼각지' '숙대입구'],20151224,35348.0,34121.0
175,126.9730860450325,37.5401012628762,['삼각지' '숙대입구'],20151225,20047.0,18472.0
176,126.9730860450325,37.5401012628762,['삼각지' '숙대입구'],20161224,23586.0,21648.0
177,126.9730860450325,37.5401012628762,['삼각지' '숙대입구'],20161225,17817.0,17008.0
178,126.9730860450325,37.5401012628762,['삼각지' '숙대입구'],20171224,18303.0,17214.0
179,126.9730860450325,37.5401012628762,['삼각지' '숙대입구'],20171225,16428.0,15974.0
180,126.941706827145,37.55600698818105,['신촌' '이대'],20151224,93301.0,97949.0
181,126.941706827145,37.55600698818105,['신촌' '이대'],20151225,83084.0,84549.0
182,126.941706827145,37.55600698818105,['신촌' '이대'],20161224,84682.0,87782.0
183,126.941706827145,37.55600698818105,['신촌' '이대'],20161225,64006.0,63514.0
184,126.941706827145,37.55600698818105,['신촌' '이대'],20171224,64528.0,65956.0
185,126.941706827145,37.55600698818105,['신촌' '이대'],20171225,70117.0,69678.0
186,127.03660472916951,37.5157868366921,['강남구청' '학동'],20151224,45657.0,49937.0
187,127.03660472916951,37.5157868366921,['강남구청' '학동'],20151225,13283.0,14407.0
188,127.03660472916951,37.5157868366921,['강남구청' '학동'],20161224,22959.0,24400.0
189,127.03660472916951,37.5157868366921,['강남구청' '학동'],20161225,11807.0,12095.0
190,127.03660472916951,37.5157868366921,['강남구청' '학동'],20171224,12478.0,13417.0
191,127.03660472916951,37.5157868366921,['강남구청' '학동'],20171225,11333.0,11868.0
192,126.83839110009049,37.5452334152922,['우장산' '화곡'],20151224,55396.0,51767.0
193,126.83839110009049,37.5452334152922,['우장산' '화곡'],20151225,31770.0,29835.0
194,126.83839110009049,37.5452334152922,['우장산' '화곡'],20161224,38403.0,35984.0
195,126.83839110009049,37.5452334152922,['우장산' '화곡'],20161225,27080.0,26333.0
196,126.83839110009049,37.5452334152922,['우장산' '화곡'],20171224,26735.0,25216.0
197,126.83839110009049,37.5452334152922,['우장산' '화곡'],20171225,28436.0,27724.0
198,127.07732765384867,37.621281276955635,['공릉' '태릉입구' '화랑대'],20151224,46037.0,40641.0
199,127.07732765384867,37.621281276955635,['공릉' '태릉입구' '화랑대'],20151225,25670.0,23385.0
200,127.07732765384867,37.621281276955635,['공릉' '태릉입구' '화랑대'],20161224,31072.0,27867.0
201,127.07732765384867,37.621281276955635,['공릉' '태릉입구' '화랑대'],20161225,22826.0,22244.0
202,127.07732765384867,37.621281276955635,['공릉' '태릉입구' '화랑대'],20171224,23188.0,21319.0
203,127.07732765384867,37.621281276955635,['공릉' '태릉입구' '화랑대'],20171225,23682.0,22574.0
204,126.898200263792,37.48928548111036,['구로디지털단지' '대림'],20151224,125424.0,126115.0
205,126.898200263792,37.48928548111036,['구로디지털단지' '대림'],20151225,69271.0,70226.0
206,126.898200263792,37.48928548111036,['구로디지털단지' '대림'],20161224,80987.0,85037.0
207,126.898200263792,37.48928548111036,['구로디지털단지' '대림'],20161225,72463.0,71370.0
208,126.898200263792,37.48928548111036,['구로디지털단지' '대림'],20171224,69450.0,69343.0
209,126.898200263792,37.48928548111036,['구로디지털단지' '대림'],20171225,63333.0,62901.0
210,126.95811855138149,37.47918887453215,['낙성대' '서울대입구'],20151224,98372.0,91654.0
211,126.95811855138149,37.47918887453215,['낙성대' '서울대입구'],20151225,58458.0,53859.0
212,126.95811855138149,37.47918887453215,['낙성대' '서울대입구'],20161224,73314.0,68334.0
213,126.95811855138149,37.47918887453215,['낙성대' '서울대입구'],20161225,52770.0,52960.0
214,126.95811855138149,37.47918887453215,['낙성대' '서울대입구'],20171224,53232.0,49907.0
215,126.95811855138149,37.47918887453215,['낙성대' '서울대입구'],20171225,53099.0,53244.0
216,126.86036137452801,37.52558046366905,['목동' '신정'],20151224,40594.0,37815.0
217,126.86036137452801,37.52558046366905,['목동' '신정'],20151225,21199.0,19582.0
218,126.86036137452801,37.52558046366905,['목동' '신정'],20161224,26635.0,24402.0
219,126.86036137452801,37.52558046366905,['목동' '신정'],20161225,17854.0,17163.0
220,126.86036137452801,37.52558046366905,['목동' '신정'],20171224,17944.0,16554.0
221,126.86036137452801,37.52558046366905,['목동' '신정'],20171225,18740.0,17916.0
222,126.9909224105915,37.56476787318017,['명동' '을지로3가' '종로3가' '충무로'],20151224,211216.0,229688.0
223,126.9909224105915,37.56476787318017,['명동' '을지로3가' '종로3가' '충무로'],20151225,159418.0,183104.0
224,126.9909224105915,37.56476787318017,['명동' '을지로3가' '종로3가' '충무로'],20161224,172194.0,190423.0
225,126.9909224105915,37.56476787318017,['명동' '을지로3가' '종로3가' '충무로'],20161225,121175.0,133431.0
226,126.9909224105915,37.56476787318017,['명동' '을지로3가' '종로3가' '충무로'],20171224,119450.0,131953.0
227,126.9909224105915,37.56476787318017,['명동' '을지로3가' '종로3가' '충무로'],20171225,134472.0,145216.0
228,126.923141014605,37.55230947844424,['상수' '홍대입구'],20151224,110420.0,134484.0
229,126.923141014605,37.55230947844424,['상수' '홍대입구'],20151225,116419.0,131689.0
230,126.923141014605,37.55230947844424,['상수' '홍대입구'],20161224,124542.0,151365.0
231,126.923141014605,37.55230947844424,['상수' '홍대입구'],20161225,112924.0,115382.0
232,126.923141014605,37.55230947844424,['상수' '홍대입구'],20171224,100312.0,116187.0
233,126.923141014605,37.55230947844424,['상수' '홍대입구'],20171225,114646.0,118169.0
234,126.863063129811,37.495457357532544,['개봉' '구일'],20151224,33614.0,33509.0
235,126.863063129811,37.495457357532544,['개봉' '구일'],20151225,21164.0,20484.0
236,126.863063129811,37.495457357532544,['개봉' '구일'],20161224,30936.0,34275.0
237,126.863063129811,37.495457357532544,['개봉' '구일'],20161225,24714.0,19494.0
238,126.863063129811,37.495457357532544,['개봉' '구일'],20171224,19672.0,19684.0
239,126.863063129811,37.495457357532544,['개봉' '구일'],20171225,32247.0,33922.0
240,127.12617656737,37.4786316933099,['장지'],20151224,17695.0,17373.0
241,127.12617656737,37.4786316933099,['장지'],20151225,11734.0,11404.0
242,127.12617656737,37.4786316933099,['장지'],20161224,13963.0,13467.0
243,127.12617656737,37.4786316933099,['장지'],20161225,11113.0,10927.0
244,127.12617656737,37.4786316933099,['장지'],20171224,14379.0,13924.0
245,127.12617656737,37.4786316933099,['장지'],20171225,14859.0,14435.0
246,126.914561425445,37.5946755554624,['새절' '응암'],20151224,36450.0,34334.0
247,126.914561425445,37.5946755554624,['새절' '응암'],20151225,22113.0,20735.0
248,126.914561425445,37.5946755554624,['새절' '응암'],20161224,26232.0,25134.0
249,126.914561425445,37.5946755554624,['새절' '응암'],20161225,19352.0,18817.0
250,126.914561425445,37.5946755554624,['새절' '응암'],20171224,19210.0,18320.0
251,126.914561425445,37.5946755554624,['새절' '응암'],20171225,20581.0,20429.0
252,126.92146661072002,37.5189857357783,['신길' '여의도'],20151224,69857.0,66736.0
253,126.92146661072002,37.5189857357783,['신길' '여의도'],20151225,24975.0,24394.0
254,126.92146661072002,37.5189857357783,['신길' '여의도'],20161224,34075.0,34658.0
255,126.92146661072002,37.5189857357783,['신길' '여의도'],20161225,25225.0,25846.0
256,126.92146661072002,37.5189857357783,['신길' '여의도'],20171224,22699.0,22462.0
257,126.92146661072002,37.5189857357783,['신길' '여의도'],20171225,25452.0,25895.0
258,126.823847928009,37.491967536505605,['온수'],20151224,20714.0,18896.0
259,126.823847928009,37.491967536505605,['온수'],20151225,10300.0,10165.0
260,126.823847928009,37.491967536505605,['온수'],20161224,13089.0,13009.0
261,126.823847928009,37.491967536505605,['온수'],20161225,9827.0,9877.0
262,126.823847928009,37.491967536505605,['온수'],20171224,9347.0,9145.0
263,126.823847928009,37.491967536505605,['온수'],20171225,9390.0,9390.0
264,126.921100623409,37.6192027064253,['연신내'],20151224,49575.0,47223.0
265,126.921100623409,37.6192027064253,['연신내'],20151225,32418.0,31005.0
266,126.921100623409,37.6192027064253,['연신내'],20161224,39484.0,38642.0
267,126.921100623409,37.6192027064253,['연신내'],20161225,29640.0,28801.0
268,126.921100623409,37.6192027064253,['연신내'],20171224,28348.0,27174.0
269,126.921100623409,37.6192027064253,['연신내'],20171225,30424.0,29864.0
270,126.994333861918,37.534525205051104,['이태원'],20151224,22326.0,32662.0
271,126.994333861918,37.534525205051104,['이태원'],20151225,30492.0,34727.0
272,126.994333861918,37.534525205051104,['이태원'],20161224,32226.0,43284.0
273,126.994333861918,37.534525205051104,['이태원'],20161225,28872.0,25892.0
274,126.994333861918,37.534525205051104,['이태원'],20171224,29423.0,35549.0
275,126.994333861918,37.534525205051104,['이태원'],20171225,29266.0,25761.0
276,126.8520553,37.561553,['가양'],20151224,24438.0,23537.0
277,126.8520553,37.561553,['가양'],20151225,13262.0,12355.0
278,126.8520553,37.561553,['가양'],20161224,16929.0,15766.0
279,126.8520553,37.561553,['가양'],20161225,11875.0,11529.0
280,126.8520553,37.561553,['가양'],20171224,11735.0,11055.0
281,126.8520553,37.561553,['가양'],20171225,12392.0,12047.0
282,126.897847325412,37.4633309522334,['독산'],20151224,19305.0,19830.0
283,126.897847325412,37.4633309522334,['독산'],20151225,9483.0,9473.0
284,126.897847325412,37.4633309522334,['독산'],20161224,10994.0,11162.0
285,126.897847325412,37.4633309522334,['독산'],20161225,7544.0,7630.0
286,126.897847325412,37.4633309522334,['독산'],20171224,7407.0,7353.0
287,126.897847325412,37.4633309522334,['독산'],20171225,8314.0,8555.0
288,126.88531600769,37.48369262825485,['가산디지털단지' '남구로'],20151224,95806.0,96901.0
289,126.88531600769,37.48369262825485,['가산디지털단지' '남구로'],20151225,33843.0,34674.0
290,126.88531600769,37.48369262825485,['가산디지털단지' '남구로'],20161224,38548.0,40182.0
291,126.88531600769,37.48369262825485,['가산디지털단지' '남구로'],20161225,31325.0,31062.0
292,126.88531600769,37.48369262825485,['가산디지털단지' '남구로'],20171224,28931.0,29321.0
293,126.88531600769,37.48369262825485,['가산디지털단지' '남구로'],20171225,29456.0,29463.0
294,127.071166599707,37.4968851977644,['학여울'],20151224,2628.0,2687.0
295,127.071166599707,37.4968851977644,['학여울'],20151225,1356.0,1494.0
296,127.071166599707,37.4968851977644,['학여울'],20161224,14962.0,14820.0
297,127.071166599707,37.4968851977644,['학여울'],20161225,17835.0,17306.0
298,127.071166599707,37.4968851977644,['학여울'],20171224,15585.0,14754.0
299,127.071166599707,37.4968851977644,['학여울'],20171225,8958.0,8692.0
300,126.97516468974649,37.55725850034475,['서울역' '회현'],20151224,127868.0,131884.0
301,126.97516468974649,37.55725850034475,['서울역' '회현'],20151225,89706.0,95858.0
302,126.97516468974649,37.55725850034475,['서울역' '회현'],20161224,105607.0,106393.0
303,126.97516468974649,37.55725850034475,['서울역' '회현'],20161225,69272.0,71145.0
304,126.97516468974649,37.55725850034475,['서울역' '회현'],20171224,65014.0,73633.0
305,126.97516468974649,37.55725850034475,['서울역' '회현'],20171225,77959.0,86071.0
306,127.0904610929255,37.53614597882735,['강변' '구의'],20151224,90795.0,89668.0
307,127.0904610929255,37.53614597882735,['강변' '구의'],20151225,63288.0,63387.0
308,127.0904610929255,37.53614597882735,['강변' '구의'],20161224,72242.0,69732.0
309,127.0904610929255,37.53614597882735,['강변' '구의'],20161225,56670.0,59376.0
310,127.0904610929255,37.53614597882735,['강변' '구의'],20171224,54361.0,53300.0
311,127.0904610929255,37.53614597882735,['강변' '구의'],20171225,58103.0,59222.0
312,127.0719292456125,37.5441847490111,['건대입구' '어린이대공원'],20151224,93295.0,104943.0
313,127.0719292456125,37.5441847490111,['건대입구' '어린이대공원'],20151225,75379.0,81677.0
314,127.0719292456125,37.5441847490111,['건대입구' '어린이대공원'],20161224,79214.0,89518.0
315,127.0719292456125,37.5441847490111,['건대입구' '어린이대공원'],20161225,66678.0,69799.0
316,127.0719292456125,37.5441847490111,['건대입구' '어린이대공원'],20171224,63041.0,70344.0
317,127.0719292456125,37.5441847490111,['건대입구' '어린이대공원'],20171225,67622.0,71455.0
318,126.944158007985,37.58879538060879,['홍제'],20151224,23516.0,21908.0
319,126.944158007985,37.58879538060879,['홍제'],20151225,13955.0,13116.0
320,126.944158007985,37.58879538060879,['홍제'],20161224,19088.0,18920.0
321,126.944158007985,37.58879538060879,['홍제'],20161225,12666.0,11751.0
322,126.944158007985,37.58879538060879,['홍제'],20171224,11819.0,10988.0
323,126.944158007985,37.58879538060879,['홍제'],20171225,12368.0,11967.0
324,126.80191588831,37.5619657741382,['김포공항'],20151224,20122.0,22330.0
325,126.80191588831,37.5619657741382,['김포공항'],20151225,18009.0,20844.0
326,126.80191588831,37.5619657741382,['김포공항'],20161224,19545.0,22317.0
327,126.80191588831,37.5619657741382,['김포공항'],20161225,16486.0,19080.0
328,126.80191588831,37.5619657741382,['김포공항'],20171224,16248.0,18865.0
329,126.80191588831,37.5619657741382,['김포공항'],20171225,19193.0,20860.0
330,126.9486580060975,37.5420483104398,['공덕' '마포'],20151224,57924.0,58770.0
331,126.9486580060975,37.5420483104398,['공덕' '마포'],20151225,23115.0,23153.0
332,126.9486580060975,37.5420483104398,['공덕' '마포'],20161224,31194.0,31047.0
333,126.9486580060975,37.5420483104398,['공덕' '마포'],20161225,18956.0,18564.0
334,126.9486580060975,37.5420483104398,['공덕' '마포'],20171224,19983.0,19850.0
335,126.9486580060975,37.5420483104398,['공덕' '마포'],20171225,20326.0,20478.0
336,127.020982567575,37.5138192236928,['논현' '신사'],20151224,63192.0,70478.0
337,127.020982567575,37.5138192236928,['논현' '신사'],20151225,31831.0,34700.0
338,127.020982567575,37.5138192236928,['논현' '신사'],20161224,43242.0,47880.0
339,127.020982567575,37.5138192236928,['논현' '신사'],20161225,27346.0,28206.0
340,127.020982567575,37.5138192236928,['논현' '신사'],20171224,26105.0,29159.0
341,127.020982567575,37.5138192236928,['논현' '신사'],20171225,27470.0,28731.0
342,126.9955767630525,37.48455732402605,['내방' '방배'],20151224,40959.0,41152.0
343,126.9955767630525,37.48455732402605,['내방' '방배'],20151225,16440.0,16268.0
344,126.9955767630525,37.48455732402605,['내방' '방배'],20161224,22159.0,22008.0
345,126.9955767630525,37.48455732402605,['내방' '방배'],20161225,15015.0,15173.0
346,126.9955767630525,37.48455732402605,['내방' '방배'],20171224,15460.0,15351.0
347,126.9955767630525,37.48455732402605,['내방' '방배'],20171225,15077.0,15397.0
348,127.037101112459,37.5612683640285,['왕십리'],20151224,30220.0,29438.0
349,127.037101112459,37.5612683640285,['왕십리'],20151225,19124.0,20192.0
350,127.037101112459,37.5612683640285,['왕십리'],20161224,23548.0,23372.0
351,127.037101112459,37.5612683640285,['왕십리'],20161225,17153.0,16806.0
352,127.037101112459,37.5612683640285,['왕십리'],20171224,16915.0,16380.0
353,127.037101112459,37.5612683640285,['왕십리'],20171225,17871.0,17646.0
354,127.127541862871,37.550159080738794,['암사'],20151224,21085.0,17982.0
355,127.127541862871,37.550159080738794,['암사'],20151225,11999.0,10637.0
356,127.127541862871,37.550159080738794,['암사'],20161224,13955.0,12530.0
357,127.127541862871,37.550159080738794,['암사'],20161225,10058.0,9382.0
358,127.127541862871,37.550159080738794,['암사'],20171224,10619.0,9634.0
359,127.127541862871,37.550159080738794,['암사'],20171225,11533.0,10579.0
360,126.928215469236,37.4997572316574,['신대방삼거리'],20151224,18891.0,17587.0
361,126.928215469236,37.4997572316574,['신대방삼거리'],20151225,9826.0,9014.0
362,126.928215469236,37.4997572316574,['신대방삼거리'],20161224,12623.0,11519.0
363,126.928215469236,37.4997572316574,['신대방삼거리'],20161225,9059.0,9024.0
364,126.928215469236,37.4997572316574,['신대방삼거리'],20171224,8988.0,8585.0
365,126.928215469236,37.4997572316574,['신대방삼거리'],20171225,9065.0,8956.0
366,127.005139104471,37.5045533598139,['고속터미널'],20151224,117134.0,128513.0
367,127.005139104471,37.5045533598139,['고속터미널'],20151225,91383.0,95843.0
368,127.005139104471,37.5045533598139,['고속터미널'],20161224,115736.0,118354.0
369,127.005139104471,37.5045533598139,['고속터미널'],20161225,89979.0,92874.0
370,127.005139104471,37.5045533598139,['고속터미널'],20171224,92862.0,94467.0
371,127.005139104471,37.5045533598139,['고속터미널'],20171225,96220.0,94429.0
372,126.94539228083099,37.5136064876753,['노량진'],20151224,53255.0,52994.0
373,126.94539228083099,37.5136064876753,['노량진'],20151225,43609.0,44018.0
374,126.94539228083099,37.5136064876753,['노량진'],20161224,46385.0,46183.0
375,126.94539228083099,37.5136064876753,['노량진'],20161225,33797.0,35771.0
376,126.94539228083099,37.5136064876753,['노량진'],20171224,31377.0,32189.0
377,126.94539228083099,37.5136064876753,['노량진'],20171225,33441.0,34836.0
378,127.010891666957,37.5545053994984,['약수'],20151224,21953.0,21075.0
379,127.010891666957,37.5545053994984,['약수'],20151225,11743.0,11215.0
380,127.010891666957,37.5545053994984,['약수'],20161224,14495.0,13896.0
381,127.010891666957,37.5545053994984,['약수'],20161225,10319.0,10050.0
382,127.010891666957,37.5545053994984,['약수'],20171224,10195.0,9804.0
383,127.010891666957,37.5545053994984,['약수'],20171225,10339.0,10090.0
384,127.10352146450701,37.545299171567706,['광나루'],20151224,17367.0,16350.0
385,127.10352146450701,37.545299171567706,['광나루'],20151225,9914.0,9010.0
386,127.10352146450701,37.545299171567706,['광나루'],20161224,12012.0,11035.0
387,127.10352146450701,37.545299171567706,['광나루'],20161225,8762.0,8269.0
388,127.10352146450701,37.545299171567706,['광나루'],20171224,8843.0,7979.0
389,127.10352146450701,37.545299171567706,['광나루'],20171225,9320.0,8420.0
390,127.079068741818,37.6702179144106,['당고개'],20151224,15341.0,14015.0
391,127.079068741818,37.6702179144106,['당고개'],20151225,10469.0,10025.0
392,127.079068741818,37.6702179144106,['당고개'],20161224,11847.0,10845.0
393,127.079068741818,37.6702179144106,['당고개'],20161225,9461.0,9220.0
394,127.079068741818,37.6702179144106,['당고개'],20171224,8426.0,7907.0
395,127.079068741818,37.6702179144106,['당고개'],20171225,9228.0,8819.0
396,126.913507850555,37.4876526951195,['신대방'],20151224,32501.0,29885.0
397,126.913507850555,37.4876526951195,['신대방'],20151225,19846.0,18510.0
398,126.913507850555,37.4876526951195,['신대방'],20161224,24291.0,22475.0
399,126.913507850555,37.4876526951195,['신대방'],20161225,19147.0,18238.0
400,126.913507850555,37.4876526951195,['신대방'],20171224,19269.0,17509.0
401,126.913507850555,37.4876526951195,['신대방'],20171225,19029.0,18006.0
402,126.846444264065,37.5322306724471,['까치산'],20151224,36048.0,33817.0
403,126.846444264065,37.5322306724471,['까치산'],20151225,22543.0,21321.0
404,126.846444264065,37.5322306724471,['까치산'],20161224,26164.0,24752.0
405,126.846444264065,37.5322306724471,['까치산'],20161225,20144.0,19336.0
406,126.846444264065,37.5322306724471,['까치산'],20171224,19300.0,18271.0
407,126.846444264065,37.5322306724471,['까치산'],20171225,20333.0,19720.0
408,127.017124928876,37.5929699315407,['성신여대입구'],20151224,31968.0,29449.0
409,127.017124928876,37.5929699315407,['성신여대입구'],20151225,22704.0,20667.0
410,127.017124928876,37.5929699315407,['성신여대입구'],20161224,26529.0,24943.0
411,127.017124928876,37.5929699315407,['성신여대입구'],20161225,20150.0,18545.0
412,127.017124928876,37.5929699315407,['성신여대입구'],20171224,17700.0,17338.0
413,127.017124928876,37.5929699315407,['성신여대입구'],20171225,22442.0,20880.0
414,126.96639455049899,37.52966775675844,['신용산' '용산'],20151224,67396.0,67783.0
415,126.96639455049899,37.52966775675844,['신용산' '용산'],20151225,53652.0,57554.0
416,126.96639455049899,37.52966775675844,['신용산' '용산'],20161224,56862.0,60595.0
417,126.96639455049899,37.52966775675844,['신용산' '용산'],20161225,47312.0,45739.0
418,126.96639455049899,37.52966775675844,['신용산' '용산'],20171224,53583.0,53997.0
419,126.96639455049899,37.52966775675844,['신용산' '용산'],20171225,58112.0,54922.0
420,126.91885282000901,37.6364357889145,['구파발'],20151224,19828.0,16006.0
421,126.91885282000901,37.6364357889145,['구파발'],20151225,11156.0,9780.0
422,126.91885282000901,37.6364357889145,['구파발'],20161224,21135.0,19681.0
423,126.91885282000901,37.6364357889145,['구파발'],20161225,15894.0,14922.0
424,126.91885282000901,37.6364357889145,['구파발'],20171224,13258.0,12736.0
425,126.91885282000901,37.6364357889145,['구파발'],20171225,14350.0,14217.0
426,126.875307312696,37.524534083914396,['오목교'],20151224,32733.0,36252.0
427,126.875307312696,37.524534083914396,['오목교'],20151225,19405.0,20175.0
428,126.875307312696,37.524534083914396,['오목교'],20161224,23797.0,25382.0
429,126.875307312696,37.524534083914396,['오목교'],20161225,17291.0,17537.0
430,126.875307312696,37.524534083914396,['오목교'],20171224,16425.0,17154.0
431,126.875307312696,37.524534083914396,['오목교'],20171225,17616.0,18408.0
432,127.11826274514601,37.4930992522183,['가락시장'],20151224,19518.0,20051.0
433,127.11826274514601,37.4930992522183,['가락시장'],20151225,9844.0,10241.0
434,127.11826274514601,37.4930992522183,['가락시장'],20161224,14170.0,14198.0
435,127.11826274514601,37.4930992522183,['가락시장'],20161225,8140.0,9405.0
436,127.11826274514601,37.4930992522183,['가락시장'],20171224,8942.0,10348.0
437,127.11826274514601,37.4930992522183,['가락시장'],20171225,10556.0,11340.0
438,126.93298596743999,37.5271469489465,['여의나루'],20151224,9373.0,9168.0
439,126.93298596743999,37.5271469489465,['여의나루'],20151225,6221.0,6523.0
440,126.93298596743999,37.5271469489465,['여의나루'],20161224,13107.0,12846.0
441,126.93298596743999,37.5271469489465,['여의나루'],20161225,14354.0,13653.0
442,126.93298596743999,37.5271469489465,['여의나루'],20171224,9747.0,9599.0
443,126.93298596743999,37.5271469489465,['여의나루'],20171225,15479.0,14519.0
444,127.06568715944701,37.6150068855165,['석계'],20151224,28602.0,29619.0
445,127.06568715944701,37.6150068855165,['석계'],20151225,18277.0,18767.0
446,127.06568715944701,37.6150068855165,['석계'],20161224,20742.0,21184.0
447,127.06568715944701,37.6150068855165,['석계'],20161225,15197.0,16060.0
448,127.06568715944701,37.6150068855165,['석계'],20171224,14698.0,15101.0
449,127.06568715944701,37.6150068855165,['석계'],20171225,15967.0,16774.0
450,126.90787602747,37.5156836953862,['영등포'],20151224,63096.0,68463.0
451,126.90787602747,37.5156836953862,['영등포'],20151225,59444.0,61517.0
452,126.90787602747,37.5156836953862,['영등포'],20161224,64764.0,68235.0
453,126.90787602747,37.5156836953862,['영등포'],20161225,54574.0,54940.0
454,126.90787602747,37.5156836953862,['영등포'],20171224,53030.0,54483.0
455,126.90787602747,37.5156836953862,['영등포'],20171225,53607.0,53546.0
456,126.96556513257549,37.562757852836,['서대문' '충정로'],20151224,42939.0,43377.0
457,126.96556513257549,37.562757852836,['서대문' '충정로'],20151225,14991.0,14927.0
458,126.96556513257549,37.562757852836,['서대문' '충정로'],20161224,22933.0,20996.0
459,126.96556513257549,37.562757852836,['서대문' '충정로'],20161225,12698.0,12692.0
460,126.96556513257549,37.562757852836,['서대문' '충정로'],20171224,13343.0,12678.0
461,126.96556513257549,37.562757852836,['서대문' '충정로'],20171225,13315.0,13237.0
462,126.9995857681505,37.5688083060979,['을지로4가' '종로5가'],20151224,57736.0,58913.0
463,126.9995857681505,37.5688083060979,['을지로4가' '종로5가'],20151225,36673.0,38111.0
464,126.9995857681505,37.5688083060979,['을지로4가' '종로5가'],20161224,42662.0,42251.0
465,126.9995857681505,37.5688083060979,['을지로4가' '종로5가'],20161225,19029.0,20038.0
466,126.9995857681505,37.5688083060979,['을지로4가' '종로5가'],20171224,20100.0,20681.0
467,126.9995857681505,37.5688083060979,['을지로4가' '종로5가'],20171225,29707.0,30403.0
468,127.0285086593,37.52649217517121,['압구정'],20151224,45213.0,49693.0
469,127.0285086593,37.52649217517121,['압구정'],20151225,21586.0,23911.0
470,127.0285086593,37.52649217517121,['압구정'],20161224,32757.0,35320.0
471,127.0285086593,37.52649217517121,['압구정'],20161225,18228.0,19301.0
472,127.0285086593,37.52649217517121,['압구정'],20171224,18434.0,19976.0
473,127.0285086593,37.52649217517121,['압구정'],20171225,17742.0,19234.0
474,126.91227666108301,37.5529973460362,['망원' '합정'],20151224,71034.0,75845.0
475,126.91227666108301,37.5529973460362,['망원' '합정'],20151225,49567.0,49975.0
476,126.91227666108301,37.5529973460362,['망원' '합정'],20161224,58398.0,61062.0
477,126.91227666108301,37.5529973460362,['망원' '합정'],20161225,43570.0,41980.0
478,126.91227666108301,37.5529973460362,['망원' '합정'],20171224,48388.0,50516.0
479,126.91227666108301,37.5529973460362,['망원' '합정'],20171225,48030.0,48368.0
